kogudus,auskoht,aasta,liikmeid_kokku,keskmiselt_vottis_jumala_teenistustest_osa,ristiti,maeti,laulatati,abielu_registreeriti,noorte_toos_osales,lastetoos_osales,annetaja_liikmeid_oli_kokku,praostkond,tulud_kokku,liikmeannetused_eur,korjandused_eur,ametitalitused_eur,avaliku_sektori_toetused_kokku_eur,tulu_kinnisvarast_eur,valisannetused_ja_toetused_kokku_eur,kulud_kokku_eur
Aegviidu Aleksandri Kogudus,vald0,2017,135,19,1,4,0,0,0,10,42,Järva,10 358 €,1 820 €, 312 €, 80 €, 690 €, 0 €,7 456 €,10 473 €
Aegviidu Aleksandri Kogudus,vald1,2018,125,21,2,7,1,0,0,6,44,Järva,8 651 €,1 825 €, 581 €, 270 €, 700 €, 0 €,4 825 €,9 845 €
Aegviidu Aleksandri Kogudus,vald2,2019,116,19,2,9,0,0,0,5,41,Järva,5 588 €,1 750 €, 408 €, 180 €, 700 €, 0 €,1 750 €,9 821 €
Aegviidu Aleksandri Kogudus,vald3,2020,131,12,1,1,0,0,0,0,38,Järva,7 090 €,2 045 €, 490 €, 120 €,1 735 €, 0 €,2 400 €,7 356 €
Äksi Andrease Kogudus,vald4,2017,250,18,13,8,1,0,0,70,50,NA,NA,NA,NA,NA,NA,NA,NA,NA
Äksi Andrease Kogudus,vald5,2018,350,19,2,6,0,0,0,18,42,NA,NA,NA,NA,NA,NA,NA,NA,NA
Äksi Andrease Kogudus,vald6,2019,300,19,1,9,0,0,0,20,37,NA,NA,NA,NA,NA,NA,NA,NA,NA
Äksi Andrease Kogudus,vald7,2020,300,14,14,11,1,0,2,12,51,Tartu,56 798 €,5 205 €,1 290 €, 900 €,18 572 €,8 410 €,21 458 €,55 362 €
Alatskivi Kogudus,vald8,2017,300,8.2,0,7,0,0,0,0,30,Tartu,4 333 €,1 772 €, 931 €, 510 €, 500 €, 421 €, 0 €,4 440 €
Alatskivi Kogudus,vald9,2018,300,7,0,6,0,0,0,0,33,Tartu,5 210 €,2 131 €,1 195 €, 430 €, 800 €, 454 €, 0 €,4 803 €
Alatskivi Kogudus,vald10,2019,300,7.4,0,6,0,0,0,0,31,Tartu,8 523 €,2 362 €,1 528 €, 420 €,1 800 €,2 164 €, 0 €,7 788 €
Alatskivi Kogudus,vald11,2020,300,5,0,6,0,0,0,0,27,Tartu,7 080 €,2 250 €, 985 €, 395 €,2 055 €,1 145 €, 0 €,6 229 €
Ambla Maarja Kogudus,vald12,2017,740,20,2,17,1,1,0,6,179,Järva,34 155 €,6 178 €, 70 €, 743 €,13 984 €,6 075 €,4 518 €,31 698 €
Ambla Maarja Kogudus,vald13,2018,700,19,4,24,1,0,0,6,165,Järva,37 033 €,7 885 €, 100 €, 950 €,13 476 €,5 554 €,2 364 €,42 523 €
Ambla Maarja Kogudus,vald14,2019,690,18,9,15,1,0,0,5,168,Järva,35 296 €,9 176 €, 981 €, 920 €,11 550 €,5 972 €,1 294 €,34 838 €
Ambla Maarja Kogudus,vald15,2020,670,14,2,13,1,0,0,0,157,Järva,50 909 €,8 718 €, 339 €,1 527 €,20 903 €,6 475 €,1 386 €,47 178 €
Anna Kogudus,vald16,2017,150,19,1,3,0,0,0,0,45,Järva,38 236 €,3 210 €, 716 €, 20 €,8 678 €,2 346 €, 0 €,71 877 €
Anna Kogudus,vald17,2018,150,13,0,8,0,0,0,0,51,Järva,18 250 €,3 836 €,1 214 €, 730 €,10 728 €, 215 €, 0 €,15 834 €
Anna Kogudus,vald18,2019,100,20,8,4,0,0,0,0,59,Järva,27 962 €,4 384 €, 958 €, 210 €,16 581 €,4 250 €, 0 €,25 646 €
Anna Kogudus,vald19,2020,150,10,0,3,0,0,0,0,50,Järva,27 264 €,4 834 €, 341 €, 100 €,17 300 €,3 768 €, 0 €,18 156 €
Anseküla Maarja Kogudus,vald20,2017,124,8,1,1,0,0,0,0,22,Saarte,2 547 €, 946 €, 425 €, 206 €, 100 €, 440 €, 0 €,4 078 €
Anseküla Maarja Kogudus,vald21,2018,131,12,3,2,0,0,0,0,33,Saarte,3 687 €,1 198 €, 408 €, 275 €,1 000 €, 120 €, 0 €,4 123 €
Anseküla Maarja Kogudus,vald22,2019,131,15,2,1,0,0,0,0,25,Saarte,12 536 €,1 216 €,1 010 €, 442 €,1 000 €,1 021 €,2 874 €,4 994 €
Anseküla Maarja Kogudus,vald23,2020,131,10,2,2,0,0,0,0,24,Saarte,4 497 €, 918 €, 390 €, 283 €,1 596 €, 800 €, 0 €,8 930 €
Audru Püha Risti Kogudus,vald24,2017,237,19,6,11,1,1,0,18,70,Pärnu,9 869 €,4 113 €,1 717 €,1 020 €, 0 €,1 161 €,1 680 €,10 939 €
Audru Püha Risti Kogudus,vald25,2018,256,24,17,10,2,2,0,0,65,Pärnu,15 374 €,3 875 €,2 001 €,1 045 €, 0 €,2 000 €,4 656 €,13 941 €
Audru Püha Risti Kogudus,vald26,2019,260,19,5,3,0,0,0,0,56,Pärnu,18 254 €,3 595 €,1 763 €, 260 €,7 176 €,2 000 €,3 059 €,17 691 €
Audru Püha Risti Kogudus,vald27,2020,250,10,0,7,2,0,0,0,52,Pärnu,101 839 €,3 380 €,1 519 €, 955 €,87 977 €,2 628 €,3 151 €,109 618 €
Avinurme Kogudus,vald28,2017,390,24,5,13,1,0,0,0,173,Tartu,27 638 €,3 835 €,1 341 €, 720 €,2 000 €, 0 €,17 219 €,31 792 €
Avinurme Kogudus,vald29,2018,380,23,7,22,0,0,0,0,168,Tartu,35 539 €,4 306 €,5 067 €, 585 €,7 000 €, 0 €,16 044 €,39 082 €
Avinurme Kogudus,vald30,2019,370,19,0,10,1,0,0,0,171,Tartu,31 858 €,4 345 €,5 099 €, 398 €, 0 €, 0 €,21 736 €,31 124 €
Avinurme Kogudus,vald31,2020,400,12,0,12,0,0,0,0,110,Tartu,29 061 €,3 590 €,7 222 €, 572 €, 300 €, 0 €,12 457 €,33 129 €
Elva Kogudus,vald31,2017,182,14.7,3,19,2,1,0,22,71,Valga,7 608 €,3 323 €,2 185 €,1 400 €, 0 €, 0 €, 600 €,6 181 €
Elva Kogudus,vald33,2018,179,15.42,2,13,0,0,0,12,61,Valga,8 347 €,3 179 €,2 528 €,1 250 €, 0 €, 0 €,1 208 €,7 617 €
Elva Kogudus,vald34,2019,166,13.6,3,13,0,0,0,11,60,Valga,7 992 €,3 568 €,2 187 €, 975 €, 0 €, 43 €,1 100 €,7 862 €
Elva Kogudus,vald35,2020,160,14.36,3,12,0,0,0,8,57,Valga,12 353 €,3 678 €,2 437 €,1 270 €, 800 €,2 000 €, 935 €,11 147 €
Emmaste Immanueli Kogudus,vald36,2017,150,16,0,8,0,0,0,13,37,Saarte,4 882 €,1 537 €, 948 €,1 188 €, 0 €, 0 €, 199 €,5 866 €
Emmaste Immanueli Kogudus,vald37,2018,150,15,1,5,0,0,0,13,35,Saarte,9 212 €,1 513 €, 583 €, 540 €,5 000 €, 0 €, 546 €,4 719 €
Emmaste Immanueli Kogudus,vald38,2019,150,12,0,6,0,0,0,28,38,Saarte,5 761 €,2 034 €,1 501 €, 830 €, 500 €, 0 €, 592 €,11 113 €
Emmaste Immanueli Kogudus,vald39,2020,150,10,2,5,1,1,0,8,34,Saarte,5 454 €,1 663 €, 310 €,1 120 €,2 060 €, 0 €, 180 €,5 124 €
Häädemeeste Miikaeli Kogudus,vald40,2017,308,8,5,5,1,0,0,0,69,Pärnu,8 394 €,3 359 €,1 258 €, 160 €,1 000 €,1 057 €, 666 €,12 930 €
Häädemeeste Miikaeli Kogudus,vald41,2018,304,8,1,5,1,0,0,0,68,Pärnu,29 975 €,3 184 €, 968 €, 300 €, 100 €,1 040 €,23 265 €,13 005 €
Häädemeeste Miikaeli Kogudus,vald42,2019,299,7,1,5,1,0,0,0,67,Pärnu,6 610 €,3 022 €, 928 €, 290 €, 0 €,1 144 €, 99 €,13 437 €
Häädemeeste Miikaeli Kogudus,vald43,2020,300,4,0,8,0,0,0,0,46,Pärnu,11 083 €,2 920 €, 339 €, 190 €,5 304 €,1 990 €, 170 €,9 352 €
Haapsalu Püha Johannese Kogudus,vald44,2017,2600,60,20,11,4,3,8,25,240,Lääne,49 721 €,18 349 €,7 962 €,3 398 €,1 200 €,1 870 €,1 940 €,50 512 €
Haapsalu Püha Johannese Kogudus,vald45,2018,2500,55,8,13,6,4,8,20,230,Lääne,49 830 €,17 935 €,9 292 €,3 894 €,2 440 €,2 205 €,1 924 €,49 789 €
Haapsalu Püha Johannese Kogudus,vald46,2019,2500,55,27,19,3,2,8,20,210,Lääne,72 514 €,19 321 €,16 026 €,5 987 €,20 550 €,2 989 €,1 500 €,69 199 €
Haapsalu Püha Johannese Kogudus,vald47,2020,2600,40,10,19,1,1,3,18,195,Lääne,103 415 €,21 958 €,15 340 €,4 228 €,1 934 €,39 367 €,1 390 €,75 237 €
Hageri Lambertuse Kogudus,vald48,2017,2819,60,28,36,9,8,0,18,520,Lääne-Harju,98 606 €,27 240 €,11 926 €,5 855 €,13 900 €,7 817 €,15 611 €,90 365 €
Hageri Lambertuse Kogudus,vald49,2018,2833,70,25,42,6,6,0,25,492,Lääne-Harju,120 499 €,27 884 €,12 025 €,5 262 €,32 720 €,16 957 €,13 693 €,87 343 €
Hageri Lambertuse Kogudus,vald50,2019,2846,70,14,36,8,4,15,25,488,Lääne-Harju,181 581 €,27 260 €,12 919 €,4 663 €,100 339 €,13 836 €,10 481 €,231 560 €
Hageri Lambertuse Kogudus,vald51,2020,2854,40,19,30,1,0,12,23,488,Lääne-Harju,128 877 €,27 548 €,12 049 €,5 111 €,40 898 €,8 165 €,7 954 €,116 228 €
Haljala Püha Mauritiuse Kogudus,vald52,2017,300,9,4,6,0,0,0,11,71,Viru,54 263 €,5 062 €, 232 €, 0 €,1 000 €,1 000 €,15 630 €,37 222 €
Haljala Püha Mauritiuse Kogudus,vald53,2018,300,8,1,4,0,0,12,35,69,Viru,86 447 €,2 962 €, 472 €, 0 €,3 300 €, 836 €,73 260 €,104 199 €
Haljala Püha Mauritiuse Kogudus,vald54,2019,300,11,4,1,0,0,0,0,30,Viru,96 201 €,3 226 €,2 152 €, 600 €,35 768 €,1 200 €,50 600 €,95 042 €
Haljala Püha Mauritiuse Kogudus,vald55,2020,300,11,15,2,2,2,0,0,31,Viru,297 445 €,3 843 €,3 110 €,1 140 €,100 107 €,1 200 €,174 469 €,241 796 €
Halliste Püha Anna Kogudus,vald56,2017,335,19,2,3,4,4,0,0,52,Viljandi,16 176 €,3 389 €,4 046 €, 850 €, 200 €,1 736 €,5 953 €,8 656 €
Halliste Püha Anna Kogudus,vald57,2018,331,18,2,5,1,1,0,0,48,Viljandi,15 958 €,3 759 €,1 653 €, 700 €,4 090 €,1 666 €,3 750 €,11 995 €
Halliste Püha Anna Kogudus,vald58,2019,325,16,0,0,2,2,0,0,44,Viljandi,15 958 €,3 759 €,1 653 €, 700 €,4 090 €,1 666 €,3 750 €,11 995 €
Halliste Püha Anna Kogudus,vald59,2020,320,6,0,1,1,1,0,0,44,Viljandi,16 555 €,3 958 €,1 324 €, 300 €,2 000 €,1 666 €,4 295 €,22 981 €
Hanila Pauluse Kogudus,vald60,2017,90,7,0,2,0,0,0,0,20,Lääne,4 373 €, 962 €, 100 €, 105 €, 0 €,3 026 €, 0 €,4 871 €
Hanila Pauluse Kogudus,vald61,2018,90,9,0,0,0,0,0,0,16,Lääne,10 082 €,1 152 €, 55 €, 0 €, 0 €,3 673 €, 0 €,10 760 €
Hanila Pauluse Kogudus,vald62,2019,90,8,0,0,0,0,0,0,14,Lääne,13 100 €, 718 €, 0 €, 0 €, 500 €,11 504 €, 0 €,3 838 €
Hanila Pauluse Kogudus,vald63,2020,90,6,0,6,0,0,0,0,18,Lääne,4 302 €,1 169 €, 0 €, 600 €, 0 €,1 683 €, 0 €,3 542 €
Hargla Kogudus,vald64,2017,230,11,0,17,0,1,18,0,48,Valga,55 877 €,1 450 €,1 181 €, 0 €,28 000 €,21 577 €, 300 €,39 295 €
Hargla Kogudus,vald65,2018,230,9,0,7,0,0,15,1,49,Valga,22 511 €,1 470 €, 596 €, 0 €,4 939 €, 767 €, 600 €,22 052 €
Hargla Kogudus,vald66,2019,230,9,1,9,0,0,9,0,52,Valga,19 699 €,1 645 €,1 743 €, 0 €,13 400 €, 844 €, 656 €,20 531 €
Hargla Kogudus,vald67,2020,200,7,2,3,0,0,0,0,38,Valga,19 191 €,1 605 €, 814 €, 0 €,14 343 €, 844 €, 500 €,11 804 €
Harju-Jaani Ristija Johannese Kogudus,vald68,2017,1600,13.57,4,21,1,0,0,5,130,Ida-Harju,20 774 €,8 407 €,6 021 €,1 184 €,2 890 €,2 042 €, 0 €,21 367 €
Harju-Jaani Ristija Johannese Kogudus,vald69,2018,1580,15.4,5,24,1,1,0,5,121,Ida-Harju,33 332 €,10 069 €,1 566 €, 725 €,6 100 €,2 101 €, 0 €,19 033 €
Harju-Jaani Ristija Johannese Kogudus,vald70,2019,1378,18.5,3,32,1,1,0,3,116,Ida-Harju,26 557 €,13 735 €,4 300 €,1 880 €,3 550 €, 50 €, 0 €,17 480 €
Harju-Jaani Ristija Johannese Kogudus,vald71,2020,1500,15.74,5,11,0,0,0,0,106,Ida-Harju,24 326 €,10 893 €,3 945 €, 740 €, 0 €,4 879 €, 0 €,18 675 €
Harju-Madise Kogudus,vald72,2017,572,21,9,10,4,4,0,0,184,Lääne-Harju,32 323 €,7 143 €,4 723 €,1 370 €,9 000 €, 328 €,5 940 €,24 273 €
Harju-Madise Kogudus,vald73,2018,573,19,2,5,6,5,0,0,149,Lääne-Harju,19 160 €,5 858 €,4 159 €,1 315 €, 0 €, 0 €,6 736 €,23 452 €
Harju-Madise Kogudus,vald74,2019,579,19,11,8,1,0,0,3,175,Lääne-Harju,21 882 €,7 267 €,2 973 €, 710 €, 0 €,1 712 €,6 114 €,23 118 €
Harju-Madise Kogudus,vald75,2020,593,7,11,3,0,0,1,3,181,Lääne-Harju,33 487 €,7 882 €,2 242 €, 390 €,3 430 €,3 946 €,9 494 €,46 307 €
Harkujärve Kogudus,vald76,2018,42,17,8,0,0,0,0,60,20,Tallinna,3 106 €,1 146 €,1 060 €, 100 €, 0 €, 0 €, 0 €, 294 €
Harkujärve Kogudus,vald77,2019,48,16,2,3,4,0,0,40,26,Tallinna,8 888 €,1 961 €,2 243 €, 150 €, 0 €, 0 €, 210 €,4 161 €
Harkujärve Kogudus,vald78,2020,54,18.3,4,5,2,0,0,20,40,Tallinna,19 933 €,4 734 €,2 264 €, 420 €,2 494 €,1 530 €,1 090 €,-12 440 €
Helme Maarja Kogudus,vald79,2017,4350,27,6,55,1,1,6,100,401,Viljandi,31 612 €,7 792 €,6 720 €,3 880 €, 568 €,4 458 €,3 014 €,29 147 €
Helme Maarja Kogudus,vald80,2018,4330,24,15,47,0,0,8,110,365,Viljandi,32 826 €,7 283 €,8 192 €,4 150 €,4 409 €,4 336 €,3 252 €,34 580 €
Helme Maarja Kogudus,vald81,2019,4320,25,11,52,1,0,83,115,345,Viljandi,35 029 €,6 152 €,6 484 €,4 610 €,9 930 €,5 318 €,1 685 €,33 781 €
Helme Maarja Kogudus,vald82,2020,4300,10,2,54,1,1,0,6,330,Viljandi,40 791 €,7 167 €,5 782 €,4 625 €,14 830 €,4 361 €,3 293 €,38 711 €
Iisaku Kogudus,vald83,2017,530,26,2,8,4,0,0,0,110,Viru,100 977 €,3 927 €,1 760 €, 135 €,61 000 €,3 200 €, 295 €,86 095 €
Iisaku Kogudus,vald84,2018,520,32.12,3,13,1,0,0,0,100,Viru,97 946 €,3 630 €,2 176 €, 0 €,60 864 €, 780 €,1 330 €,96 430 €
Iisaku Kogudus,vald85,2019,520,27,3,8,1,0,0,0,102,Viru,14 187 €,4 400 €,4 788 €, 0 €,1 000 €, 780 €, 320 €,10 262 €
Iisaku Kogudus,vald86,2020,510,15,2,8,1,0,0,0,96,Viru,11 831 €,4 600 €,2 546 €,NA,1 000 €,3 266 €, 315 €,14 477 €
Illuka Kogudus,vald87,2017,200,15,1,5,0,0,0,0,42,Viru,6 087 €, 755 €,1 352 €, 0 €,3 750 €, 0 €, 230 €,7 904 €
Illuka Kogudus,vald88,2018,120,10,0,5,0,0,0,0,42,Viru,2 092 €,1 020 €, 832 €, 0 €, 0 €, 0 €, 240 €,1 942 €
Illuka Kogudus,vald89,2019,120,12,0,2,0,0,0,0,38,Viru,2 886 €,1 045 €, 584 €, 0 €,1 000 €, 0 €, 257 €,2 738 €
Illuka Kogudus,vald90,2020,120,7,1,6,0,0,0,0,35,Viru,2 865 €,1 040 €, 570 €, 0 €,1 000 €, 0 €, 0 €,2 646 €
Ilumäe Kogudus,vald91,2017,59,12,2,5,2,0,0,0,27,Viru,18 357 €,2 604 €, 826 €, 370 €,4 400 €, 0 €, 220 €,11 707 €
Ilumäe Kogudus,vald92,2018,58,11,0,2,0,0,0,0,28,Viru,27 703 €,2 630 €,1 526 €, 250 €,8 400 €, 0 €, 225 €,28 103 €
Ilumäe Kogudus,vald93,2019,90,16,1,4,0,0,0,0,30,Viru,17 356 €,2 635 €,1 533 €, 0 €,10 291 €, 0 €, 500 €,15 007 €
Ilumäe Kogudus,vald94,2020,60,12,1,0,1,0,0,0,25,Viru,29 114 €,2 900 €, 276 €, 500 €,19 188 €, 105 €,1 175 €,25 810 €
Jämaja Kolmainu Kogudus,vald95,2017,312,25,7,8,1,1,13,24,136,Saarte,7 132 €,2 675 €, 716 €, 920 €, 0 €, 900 €,1 051 €,7 436 €
Jämaja Kolmainu Kogudus,vald96,2018,314,21,4,2,1,0,0,10,134,Saarte,21 931 €,2 675 €, 711 €, 662 €,6 200 €, 830 €,5 703 €,17 008 €
Jämaja Kolmainu Kogudus,vald97,2019,316,22,9,6,0,0,0,12,120,Saarte,18 875 €,2 745 €,1 177 €, 906 €,2 980 €, 880 €,4 082 €,13 973 €
Jämaja Kolmainu Kogudus,vald98,2020,313,13,1,4,2,0,0,0,115,Saarte,14 615 €,2 970 €, 959 €, 991 €,6 655 €, 830 €,1 502 €,14 331 €
Järva-Jaani Ristija Johannese Kogudus,vald99,2017,462,27,6,16,0,0,27,10,161,Järva,113 388 €,6 332 €,3 814 €,2 855 €,3 100 €,12 264 €,4 879 €,112 901 €
Järva-Jaani Ristija Johannese Kogudus,vald100,2018,456,25,10,16,1,1,30,13,157,Järva,76 028 €,6 096 €,3 717 €,2 790 €,3 100 €,12 394 €,6 850 €,77 339 €
Järva-Jaani Ristija Johannese Kogudus,vald101,2019,447,26,5,14,3,2,25,10,159,Järva,71 561 €,6 800 €,4 488 €,3 484 €,7 822 €,11 394 €,7 073 €,70 921 €
Järva-Jaani Ristija Johannese Kogudus,vald102,2020,449,11,16,14,0,0,11,8,159,Järva,79 316 €,6 818 €,5 138 €,3 340 €,33 597 €,12 685 €,7 380 €,70 666 €
Järvakandi Pauluse Kogudus,vald103,2017,80,22,0,5,0,0,0,0,29,Lääne-Harju,6 952 €,1 150 €, 961 €, 220 €, 200 €, 0 €,3 776 €,10 245 €
Järvakandi Pauluse Kogudus,vald104,2018,80,22,0,3,0,0,0,0,28,Lääne-Harju,5 826 €,1 330 €, 851 €, 100 €, 150 €, 0 €,3 040 €,5 276 €
Järvakandi Pauluse Kogudus,vald105,2019,78,24,0,2,0,0,0,0,28,Lääne-Harju,10 917 €,1 235 €,1 026 €, 500 €, 150 €, 0 €,3 396 €,9 341 €
Järvakandi Pauluse Kogudus,vald106,2020,78,16,0,3,0,0,0,0,29,Lääne-Harju,7 999 €, 908 €,1 181 €, 190 €, 820 €, 0 €,4 000 €,7 927 €
Järva-Madise Püha Matteuse Kogudus,vald107,2017,170,26,4,14,0,0,0,0,106,Järva,29 179 €,3 522 €,1 670 €,1 570 €,8 827 €,5 644 €, 88 €,27 514 €
Järva-Madise Püha Matteuse Kogudus,vald108,2018,170,26,4,19,0,0,0,0,107,Järva,31 420 €,2 982 €, 825 €,3 585 €,12 200 €, 0 €, 400 €,30 850 €
Järva-Madise Püha Matteuse Kogudus,vald109,2019,105,13,0,19,0,0,0,0,47,Järva,25 981 €,2 284 €, 951 €,2 620 €,11 000 €,7 544 €, 145 €,27 484 €
Järva-Madise Püha Matteuse Kogudus,vald110,2020,200,12,2,9,1,0,0,0,56,Järva,22 717 €,2 714 €,1 240 €, 510 €,11 000 €,6 062 €, 0 €,18 660 €
Järva-Peetri Püha Peetruse Kogudus,vald111,2017,170,16,0,9,0,0,0,2,43,Järva,16 110 €,3 066 €, 735 €, 280 €,1 300 €, 50 €, 0 €,21 238 €
Järva-Peetri Püha Peetruse Kogudus,vald112,2018,170,16,0,9,0,0,0,3,47,Järva,39 722 €,3 629 €,1 113 €, 320 €,17 800 €, 40 €, 0 €,37 829 €
Järva-Peetri Püha Peetruse Kogudus,vald113,2019,170,16,2,5,0,0,0,0,41,Järva,23 967 €,3 045 €, 674 €, 390 €,6 700 €, 0 €, 0 €,24 651 €
Järva-Peetri Püha Peetruse Kogudus,vald114,2020,170,7,0,4,0,0,0,0,45,Järva,71 050 €,3 366 €, 490 €, 280 €,49 958 €, 0 €, 0 €,57 895 €
Jõelähtme Püha Neitsi Maarja Kogudus,vald115,2017,800,20,6,17,1,0,0,0,119,Ida-Harju,126 583 €,8 922 €,13 505 €,2 830 €,12 975 €,3 087 €, 176 €,135 440 €
Jõelähtme Püha Neitsi Maarja Kogudus,vald116,2018,800,18,5,37,1,1,0,0,115,Ida-Harju,114 562 €,9 295 €,9 609 €,2 897 €,10 000 €,3 325 €, 268 €,88 835 €
Jõelähtme Püha Neitsi Maarja Kogudus,vald117,2019,800,17,9,21,2,1,0,0,121,Ida-Harju,40 708 €,9 904 €,11 288 €,4 128 €,10 000 €,3 065 €, 318 €,41 739 €
Jõelähtme Püha Neitsi Maarja Kogudus,vald118,2020,800,8,7,14,1,1,0,0,120,Ida-Harju,40 167 €,12 408 €,1 705 €,1 274 €,12 465 €,2 920 €, 271 €,71 337 €
Jõgeva Kogudus,vald119,2017,300,24.72,1,2,0,0,0,0,38,Tartu,13 566 €,2 070 €, 954 €, 118 €, 250 €, 140 €,1 687 €,8 827 €
Jõgeva Kogudus,vald120,2018,300,22,0,2,0,0,0,0,35,Tartu,3 893 €,2 060 €, 420 €, 200 €, 0 €, 150 €,1 063 €,8 230 €
Jõgeva Kogudus,vald121,2019,44,26.82,3,3,0,0,0,0,44,Tartu,19 745 €,4 705 €,1 230 €, 40 €,4 160 €, 250 €,4 425 €,17 983 €
Jõgeva Kogudus,vald122,2020,170,23.89,1,0,0,0,0,0,55,Tartu,23 858 €,4 605 €,3 290 €, 70 €,12 085 €, 550 €, 868 €,19 941 €
Jõhvi Mihkli Kogudus,vald123,2017,2100,18,26,18,4,5,0,30,205,Viru,139 835 €,10 539 €,2 854 €,1 594 €, 450 €,75 557 €,1 134 €,140 438 €
Jõhvi Mihkli Kogudus,vald124,2018,2090,17,7,23,1,1,0,64,201,Viru,122 943 €,11 487 €,2 610 €,2 230 €, 450 €,84 906 €,1 063 €,123 791 €
Jõhvi Mihkli Kogudus,vald125,2019,2070,21,11,23,1,1,0,60,202,Viru,154 074 €,8 858 €,11 842 €,3 265 €, 400 €,108 869 €,8 840 €,153 771 €
Jõhvi Mihkli Kogudus,vald126,2020,500,15,5,22,1,1,0,20,152,Viru,144 705 €,9 186 €, 961 €,2 205 €,18 420 €,91 037 €, 0 €,139 656 €
Jüri Kogudus,vald127,2017,800,38,29,19,4,0,0,14,276,Ida-Harju,29 626 €,9 206 €,2 648 €,3 200 €,5 800 €, 0 €, 0 €,48 812 €
Jüri Kogudus,vald128,2018,817,35,23,20,2,0,0,10,281,Ida-Harju,30 183 €,9 564 €,2 148 €,2 760 €,7 300 €,3 270 €, 0 €,55 148 €
Jüri Kogudus,vald129,2019,800,34,10,22,4,0,0,22,306,Ida-Harju,120 210 €,12 966 €,4 422 €,3 100 €,7 300 €, 0 €, 0 €,56 016 €
Jüri Kogudus,vald130,2020,800,30,3,18,3,0,0,7,286,Ida-Harju,44 036 €,12 614 €,4 453 €,2 130 €,18 070 €,4 950 €, 0 €,37 420 €
Juuru Mihkli Kogudus,vald131,2017,550,19,13,12,7,7,0,5,118,Ida-Harju,29 925 €,7 814 €,7 315 €,1 899 €,2 120 €,5 406 €,5 189 €,61 502 €
Juuru Mihkli Kogudus,vald132,2018,539,23,6,18,5,4,0,5,155,Ida-Harju,144 063 €,9 987 €,8 057 €,3 239 €,1 900 €,5 903 €, 743 €,148 371 €
Juuru Mihkli Kogudus,vald133,2019,523,26,9,16,1,1,0,0,159,Ida-Harju,45 240 €,9 246 €,8 192 €,4 735 €,4 405 €,5 563 €, 901 €,44 513 €
Juuru Mihkli Kogudus,vald134,2020,527,14,5,7,0,0,0,3,142,Ida-Harju,45 912 €,10 036 €,3 595 €,1 650 €,5 140 €,12 791 €,4 500 €,32 359 €
Kaarma Peeter-Pauli Kogudus,vald135,2017,410,14,0,10,0,0,0,0,81,Saarte,33 904 €,1 091 €,12 751 €, 300 €,19 417 €, 345 €, 0 €,30 565 €
Kaarma Peeter-Pauli Kogudus,vald136,2018,408,14,1,5,2,1,0,0,71,Saarte,76 575 €,3 847 €,1 769 €, 70 €,62 100 €, 694 €, 0 €,80 928 €
Kaarma Peeter-Pauli Kogudus,vald137,2019,409,17,1,4,1,1,0,0,75,Saarte,14 704 €,6 568 €,1 790 €, 200 €,1 700 €, 330 €, 0 €,16 680 €
Kaarma Peeter-Pauli Kogudus,vald138,2020,404,10,0,1,0,0,0,0,61,Saarte,75 524 €,6 955 €,1 524 €, 250 €,61 130 €, 363 €, 0 €,75 915 €
Kadrina Katariina Kogudus,vald139,2017,300,17,8,7,1,0,12,16,84,Viru,43 948 €,2 952 €,1 500 €, 45 €,2 000 €, 562 €,27 864 €,47 332 €
Kadrina Katariina Kogudus,vald140,2018,300,16,14,11,1,0,8,12,92,Viru,28 371 €,3 851 €,2 533 €, 30 €, 0 €,4 702 €, 709 €,26 250 €
Kadrina Katariina Kogudus,vald141,2019,300,13,11,10,0,0,6,8,88,Viru,22 723 €,3 966 €,2 002 €, 160 €,3 600 €,8 791 €, 650 €,20 577 €
Kadrina Katariina Kogudus,vald142,2020,500,8,7,9,0,0,0,10,106,Viru,38 747 €,5 619 €,3 683 €, 215 €,12 666 €,9 417 €, 632 €,32 367 €
Käina Martini Kogudus,vald143,2017,150,15,0,9,2,2,2,0,38,Saarte,16 719 €,1 546 €,2 411 €,1 438 €,2 100 €,1 771 €,6 085 €,18 165 €
Käina Martini Kogudus,vald144,2018,150,11,2,5,0,0,2,4,44,Saarte,60 164 €,2 179 €,2 567 €, 408 €,4 000 €,42 884 €,5 825 €,34 321 €
Käina Martini Kogudus,vald145,2019,150,10,3,5,3,3,0,0,39,Saarte,40 714 €,2 102 €,2 456 €, 910 €,2 540 €,1 845 €,5 590 €,33 395 €
Käina Martini Kogudus,vald146,2020,150,7,0,3,1,1,0,0,39,Saarte,26 088 €,2 570 €,2 427 €, 420 €,11 936 €,2 916 €,3 954 €,31 268 €
Kambja Kogudus,vald147,2017,650,36,19,24,4,4,0,0,124,Tartu,25 322 €,5 570 €,6 375 €,4 855 €,2 900 €,5 321 €, 0 €,17 342 €
Kambja Kogudus,vald148,2018,654,30,13,17,3,3,0,0,118,Tartu,37 931 €,4 944 €,5 929 €,2 668 €,4 000 €,15 176 €, 0 €,22 121 €
Kambja Kogudus,vald149,2019,684,35,30,29,8,7,0,0,144,Tartu,38 567 €,5 222 €,6 289 €,7 640 €,3 500 €,10 816 €, 200 €,21 819 €
Kambja Kogudus,vald150,2020,728,24,31,25,6,6,0,0,148,Tartu,35 042 €,6 678 €,4 321 €,6 081 €,5 225 €,9 381 €, 0 €,27 988 €
Kanepi Jaani Kogudus,vald151,2017,1600,15,8,28,2,2,0,8,163,Võru,12 341 €,4 865 €,1 835 €,1 731 €,1 000 €, 509 €, 950 €,15 672 €
Kanepi Jaani Kogudus,vald152,2018,2000,16,7,34,1,2,0,8,156,Võru,31 610 €,5 260 €,3 178 €,1 665 €,19 830 €, 552 €,1 125 €,30 374 €
Kanepi Jaani Kogudus,vald153,2019,1500,18,4,24,1,1,0,13,164,Võru,14 627 €,5 905 €,3 054 €,1 703 €,2 112 €,1 053 €, 800 €,20 619 €
Kanepi Jaani Kogudus,vald154,2020,1800,13,5,24,0,0,0,4,183,Võru,21 364 €,8 022 €,2 345 €,1 366 €,4 230 €,1 089 €, 800 €,16 287 €
Kärdla Johannese Kogudus,vald155,2017,350,15,5,19,0,0,0,4,68,Saarte,70 528 €,3 532 €, 800 €,2 560 €, 0 €,18 290 €,18 596 €,51 307 €
Kärdla Johannese Kogudus,vald156,2018,350,15,1,12,0,0,0,6,68,Saarte,57 111 €,4 419 €, 521 €, 668 €,2 200 €,16 549 €,25 460 €,71 781 €
Kärdla Johannese Kogudus,vald157,2019,350,16,4,12,0,0,0,6,63,Saarte,49 826 €,4 662 €, 507 €, 480 €, 0 €,10 773 €,19 057 €,54 038 €
Kärdla Johannese Kogudus,vald158,2020,350,17,4,11,1,0,0,6,61,Saarte,42 702 €,4 776 €,2 529 €,1 350 €,1 425 €,15 447 €,10 255 €,43 161 €
Karja Katariina Kogudus,vald159,2017,140,17,5,1,1,0,0,60,42,Saarte,16 834 €,2 265 €,5 430 €, 0 €,7 500 €,1 140 €, 0 €,21 063 €
Karja Katariina Kogudus,vald160,2018,140,17,0,4,1,0,0,60,32,Saarte,22 349 €,1 564 €,7 047 €, 100 €,1 700 €,11 140 €, 0 €,14 963 €
Karja Katariina Kogudus,vald161,2019,140,19,1,4,0,0,0,60,33,Saarte,46 221 €,1 725 €,8 853 €, 65 €,4 700 €,29 150 €, 0 €,24 575 €
Karja Katariina Kogudus,vald162,2020,150,12,6,11,0,0,0,0,35,Saarte,21 247 €,1 779 €,2 158 €, 200 €,12 486 €,1 300 €, 0 €,36 015 €
Karksi Peetri Kogudus,vald163,2017,46,18,4,3,0,0,0,0,46,Viljandi,9 876 €,3 905 €, 853 €, 400 €,1 000 €,3 718 €, 0 €,9 965 €
Karksi Peetri Kogudus,vald164,2018,215,19,0,0,0,0,0,0,50,Viljandi,9 225 €,3 344 €,1 680 €, 500 €, 0 €,2 970 €, 0 €,8 915 €
Karksi Peetri Kogudus,vald165,2019,210,20,2,1,0,0,0,0,50,Viljandi,12 198 €,4 121 €,2 751 €, 0 €, 350 €,4 249 €, 0 €,10 776 €
Karksi Peetri Kogudus,vald166,2020,292,17,5,2,0,0,0,0,45,Viljandi,20 417 €,4 280 €,1 302 €, 460 €,9 195 €,4 920 €, 250 €,16 359 €
Kärla Maarja-Magdaleena Kogudus,vald167,2017,450,21,2,17,1,1,0,7,91,Saarte,30 914 €,2 854 €, 432 €,1 920 €,3 000 €,3 498 €, 0 €,12 794 €
Kärla Maarja-Magdaleena Kogudus,vald168,2018,450,18,3,11,0,0,0,7,95,Saarte,17 435 €,3 654 €, 695 €,1 581 €,6 700 €,3 729 €, 0 €,11 190 €
Kärla Maarja-Magdaleena Kogudus,vald169,2019,450,16,2,12,0,0,0,17,92,Saarte,16 406 €,2 919 €, 594 €,1 296 €,7 200 €,4 026 €, 0 €,25 037 €
Kärla Maarja-Magdaleena Kogudus,vald170,2020,400,16,2,8,0,0,0,0,74,Saarte,17 720 €,4 039 €, 397 €, 954 €,11 943 €, 0 €, 0 €,17 745 €
Käru Kogudus,vald171,2017,162,16,2,0,0,0,0,0,32,Järva,8 003 €,1 004 €, 650 €, 545 €, 500 €, 0 €, 0 €,13 169 €
Käru Kogudus,vald172,2018,171,21,0,0,0,0,0,0,30,Järva,4 957 €, 918 €, 635 €, 400 €,3 000 €, 0 €, 0 €,6 341 €
Käru Kogudus,vald173,2019,162,14,0,1,0,0,0,0,28,Järva,16 898 €, 912 €, 918 €, 0 €,3 264 €, 0 €,1 800 €,23 161 €
Käru Kogudus,vald174,2020,163,13,2,3,1,0,0,0,29,Järva,87 718 €, 906 €, 881 €, 129 €,84 661 €, 0 €, 0 €,95 699 €
Karula Kogudus,vald175,2017,490,25,20,25,1,0,11,3,105,Valga,26 046 €,2 015 €,2 758 €,2 032 €,1 361 €, 0 €,6 510 €,30 506 €
Karula Kogudus,vald176,2018,495,24,18,44,1,0,9,5,110,Valga,62 806 €,3 200 €,3 405 €,1 787 €, 400 €,36 123 €,8 170 €,31 920 €
Karula Kogudus,vald177,2019,490,27,16,51,2,0,7,0,110,Valga,25 368 €,3 300 €,4 313 €,2 431 €, 500 €,1 000 €,5 736 €,37 029 €
Karula Kogudus,vald178,2020,480,1202,17,66,2,0,0,0,110,Valga,41 506 €,2 584 €,5 630 €,1 161 €,19 000 €,1 913 €,8 950 €,44 970 €
Karuse Margareeta Kogudus,vald179,2017,200,25,5,8,1,0,0,0,20,Lääne,8 880 €, 933 €, 940 €, 0 €, 184 €,1 770 €, 0 €,1 956 €
Karuse Margareeta Kogudus,vald180,2018,200,16,0,4,0,0,0,0,18,Lääne,20 450 €, 608 €, 585 €, 0 €, 0 €,1 698 €, 0 €,26 296 €
Karuse Margareeta Kogudus,vald181,2019,200,12,0,1,0,0,0,0,15,Lääne,14 186 €, 774 €, 850 €, 100 €, 500 €,1 771 €, 0 €,12 892 €
Karuse Margareeta Kogudus,vald182,2020,200,7,0,20,0,0,0,0,15,Lääne,4 698 €, 579 €, 820 €, 285 €, 500 €,1 944 €, 0 €,2 126 €
Käsmu Kogudus,vald183,2017,166,18,6,4,0,0,0,12,80,Viru,16 465 €,6 275 €,4 722 €,1 105 €, 150 €,1 570 €, 260 €,12 857 €
Käsmu Kogudus,vald184,2018,174,18,6,2,0,0,0,12,81,Viru,19 162 €,7 350 €,4 092 €, 715 €, 0 €,1 050 €, 0 €,15 251 €
Käsmu Kogudus,vald185,2019,187,17,12,2,1,1,0,7,87,Viru,205 818 €,6 870 €,3 907 €,1 020 €,11 675 €,1 150 €,3 304 €,188 021 €
Käsmu Kogudus,vald186,2020,190,12,0,4,3,3,0,5,87,Viru,20 399 €,8 124 €,2 281 €, 950 €,7 007 €,NA, 732 €,24 602 €
Keila Miikaeli Kogudus,vald187,2017,2860,75,26,31,6,3,5,44,401,Lääne-Harju,63 507 €,16 294 €,9 898 €,5 305 €,4 200 €,3 335 €,13 406 €,63 934 €
Keila Miikaeli Kogudus,vald188,2018,2863,76,15,30,2,0,6,46,296,Lääne-Harju,73 735 €,15 626 €,10 672 €,5 070 €,20 628 €,2 522 €,10 910 €,73 401 €
Keila Miikaeli Kogudus,vald189,2019,2863,62,28,35,2,0,6,15,302,Lääne-Harju,57 261 €,15 009 €,9 610 €,6 905 €,9 882 €,2 803 €,3 000 €,56 082 €
Keila Miikaeli Kogudus,vald190,2020,2879,36,26,29,4,0,4,10,309,Lääne-Harju,166 467 €,15 819 €,9 675 €,5 720 €,105 992 €,1 401 €,3 000 €,137 393 €
Kihelkonna Mihkli Kogudus,vald191,2017,1120,53,12,32,5,4,10,47,368,Saarte,94 848 €,12 797 €,6 697 €,3 570 €,13 853 €, 313 €,10 221 €,111 028 €
Kihelkonna Mihkli Kogudus,vald192,2018,1120,54,5,20,2,1,8,41,357,Saarte,98 224 €,14 557 €,7 701 €,2 322 €,13 849 €, 537 €,10 915 €,92 787 €
Kihelkonna Mihkli Kogudus,vald193,2019,1120,52,8,36,0,0,8,40,348,Saarte,81 888 €,15 050 €,9 036 €,3 405 €,5 420 €, 535 €,25 729 €,62 534 €
Kihelkonna Mihkli Kogudus,vald194,2020,1120,35,6,31,2,1,0,28,351,Saarte,375 837 €,15 083 €,5 610 €,2 650 €,319 801 €, 387 €,5 720 €,185 108 €
Kirbla Püha Nikolause Kogudus,vald195,2017,80,7,0,1,0,0,0,0,21,Lääne,7 450 €, 594 €, 95 €, 40 €, 0 €,2 580 €,3 832 €,3 327 €
Kirbla Püha Nikolause Kogudus,vald196,2018,50,6,0,4,0,0,0,0,16,Lääne,8 437 €, 717 €, 90 €, 330 €, 0 €,4 425 €,1 673 €,10 418 €
Kirbla Püha Nikolause Kogudus,vald197,2019,50,6,0,3,1,0,0,0,15,Lääne,12 070 €, 580 €, 242 €, 430 €, 0 €,4 793 €,2 902 €,9 717 €
Kirbla Püha Nikolause Kogudus,vald198,2020,50,4,0,4,0,0,0,0,13,Lääne,9 301 €, 875 €, 260 €, 200 €, 570 €,5 149 €,1 715 €,4 108 €
Kodavere Mihkli Kogudus,vald199,2017,350,11.75,4,13,0,0,0,0,88,Tartu,8 959 €,2 964 €,1 975 €, 905 €, 0 €,1 298 €, 566 €,11 816 €
Kodavere Mihkli Kogudus,vald200,2018,350,10.3,0,14,0,0,0,0,89,Tartu,10 662 €,2 995 €,2 723 €, 950 €, 600 €,1 402 €, 602 €,11 626 €
Kodavere Mihkli Kogudus,vald201,2019,350,11.25,1,12,0,0,0,0,90,Tartu,31 186 €,3 071 €,2 841 €, 740 €, 700 €,1 516 €,21 217 €,12 056 €
Kodavere Mihkli Kogudus,vald202,2020,350,7,0,9,0,0,0,0,82,Tartu,12 645 €,3 266 €,2 588 €, 640 €,2 610 €,2 441 €,NA,14 515 €
Koeru Maarja-Magdaleena Kogudus,vald203,2017,535,18,1,8,1,0,0,0,92,Järva,80 905 €,3 439 €, 866 €,1 081 €,11 692 €,5 819 €,56 676 €,34 147 €
Koeru Maarja-Magdaleena Kogudus,vald204,2018,540,18,6,8,1,1,0,3,88,Järva,30 106 €,3 402 €,1 121 €, 922 €,17 208 €,5 838 €, 0 €,52 066 €
Koeru Maarja-Magdaleena Kogudus,vald205,2019,550,15,5,5,0,0,0,0,80,Järva,42 624 €,3 453 €,1 422 €, 792 €,3 000 €,4 960 €, 0 €,56 775 €
Koeru Maarja-Magdaleena Kogudus,vald206,2020,550,10,0,5,0,0,0,0,65,Järva,63 438 €,3 584 €,2 038 €, 384 €,45 520 €,6 157 €, 0 €,64 705 €
Kolga-Jaani Johannese Kogudus,vald207,2017,378,12,6,11,2,0,5,29,149,Viljandi,22 748 €,4 867 €, 803 €, 438 €,11 423 €,4 885 €, 0 €,30 377 €
Kolga-Jaani Johannese Kogudus,vald208,2018,350,11,1,4,1,0,3,32,145,Viljandi,53 244 €,5 444 €, 929 €, 110 €,1 947 €,14 006 €, 375 €,48 741 €
Kolga-Jaani Johannese Kogudus,vald209,2019,575,7,2,10,0,0,0,36,143,Viljandi,13 031 €,5 479 €, 870 €, 193 €,1 981 €,3 876 €, 375 €,19 036 €
Kolga-Jaani Johannese Kogudus,vald210,2020,550,38,1,11,0,0,0,19,122,Viljandi,53 277 €,5 888 €,1 810 €, 790 €,31 981 €,9 688 €, 370 €,45 250 €
Kõpu Peetri Kogudus,vald211,2017,189,16,12,9,1,0,0,277,86,Viljandi,31 762 €,4 181 €, 707 €,1 550 €,1 428 €,2 099 €,15 081 €,25 846 €
Kõpu Peetri Kogudus,vald212,2018,197,16,5,14,0,0,0,78,88,Viljandi,68 873 €,4 308 €,1 143 €,5 184 €,14 784 €,2 262 €,6 603 €,77 674 €
Kõpu Peetri Kogudus,vald213,2019,195,17,0,7,1,0,0,74,84,Viljandi,65 742 €,4 109 €,1 868 €,2 860 €,19 494 €,2 214 €,5 155 €,51 552 €
Kõpu Peetri Kogudus,vald214,2020,191,8,5,8,1,0,0,16,81,Viljandi,49 760 €,5 740 €, 655 €,2 150 €,25 422 €,2 331 €,5 875 €,57 486 €
Kose Püha Nikolause Kogudus,vald215,2017,793,26,2,25,0,0,0,25,191,Ida-Harju,72 540 €,10 659 €,6 720 €,1 550 €,2 180 €,1 398 €,2 900 €,113 403 €
Kose Püha Nikolause Kogudus,vald216,2018,685,24,12,30,2,2,0,45,194,Ida-Harju,121 235 €,12 476 €,4 687 €,2 337 €,6 915 €,1 820 €,17 866 €,108 619 €
Kose Püha Nikolause Kogudus,vald217,2019,680,37,5,35,0,0,0,15,187,Ida-Harju,116 300 €,12 753 €,6 955 €,2 410 €,20 781 €,8 852 €,3 568 €,133 232 €
Kose Püha Nikolause Kogudus,vald218,2020,680,1207,17,27,1,1,10,45,187,Ida-Harju,287 613 €,14 552 €, 900 €,1 840 €,193 275 €,57 089 €,10 819 €,219 459 €
Kullamaa Püha Johannese Kogudus,vald219,2017,600,15,2,20,0,0,0,0,156,Lääne,20 151 €,8 099 €,5 646 €,2 574 €,1 000 €, 180 €,2 630 €,23 487 €
Kullamaa Püha Johannese Kogudus,vald220,2018,600,16,1,11,0,0,0,0,157,Lääne,17 531 €,7 748 €,5 031 €,1 050 €,1 000 €,1 280 €, 420 €,18 461 €
Kullamaa Püha Johannese Kogudus,vald221,2019,600,18,2,23,1,0,0,0,158,Lääne,40 131 €,8 861 €,13 780 €,3 347 €,6 430 €, 180 €,7 533 €,30 540 €
Kullamaa Püha Johannese Kogudus,vald222,2020,600,25,0,15,0,0,0,0,154,Lääne,37 639 €,8 635 €,2 296 €,2 390 €,12 465 €, 730 €,4 713 €,39 783 €
Kunda Kolmekuninga Kogudus,vald223,2017,122,13.86,0,2,0,0,0,0,30,Viru,2 574 €, 575 €, 999 €, 0 €,1 000 €, 0 €, 0 €,2 645 €
Kunda Kolmekuninga Kogudus,vald224,2018,117,15.26,0,3,0,0,0,0,26,Viru,2 505 €, 637 €, 869 €, 0 €,1 000 €, 0 €, 0 €,2 833 €
Kunda Kolmekuninga Kogudus,vald225,2019,121,17.23,0,2,0,0,0,0,26,Viru,2 952 €, 672 €, 780 €, 0 €,1 500 €, 0 €, 0 €,2 724 €
Kunda Kolmekuninga Kogudus,vald226,2020,122,22,1,3,0,0,0,0,26,Viru,3 457 €, 866 €, 531 €, 100 €,1 960 €, 0 €, 0 €,3 224 €
Kuressaare Laurentiuse Kogudus,vald227,2017,3421,102,25,106,7,7,15,21,633,Saarte,196 805 €,24 224 €,30 386 €,15 385 €,60 500 €,61 425 €,3 637 €,178 727 €
Kuressaare Laurentiuse Kogudus,vald228,2018,3413,100,20,142,8,8,17,20,589,Saarte,243 713 €,22 996 €,28 262 €,18 246 €,107 700 €,58 894 €,6 337 €,185 873 €
Kuressaare Laurentiuse Kogudus,vald229,2019,3409,90,17,129,8,7,15,16,591,Saarte,282 000 €,22 179 €,32 582 €,16 545 €,132 700 €,63 472 €,13 650 €,373 403 €
Kuressaare Laurentiuse Kogudus,vald230,2020,3411,66,20,126,8,6,15,19,561,Saarte,166 397 €,24 068 €,8 228 €,17 245 €,13 911 €,48 156 €,21 741 €,140 315 €
Kursi Maarja-Eliisabeti Kogudus,vald231,2017,300,19,3,2,0,0,0,0,38,Tartu,7 279 €,1 761 €,1 162 €, 250 €, 800 €,1 792 €,1 514 €,5 282 €
Kursi Maarja-Eliisabeti Kogudus,vald232,2018,300,15,0,5,0,0,0,20,16,Tartu,12 297 €,1 143 €,1 892 €, 350 €,1 000 €,2 566 €,5 346 €,11 154 €
Kursi Maarja-Eliisabeti Kogudus,vald233,2019,250,16,1,2,0,0,0,15,16,Tartu,14 626 €,1 400 €, 871 €, 300 €,1 500 €,2 758 €,7 797 €,11 839 €
Kursi Maarja-Eliisabeti Kogudus,vald234,2020,230,6,0,0,0,0,0,0,9,Tartu,12 002 €, 916 €, 343 €, 0 €,2 085 €,1 222 €,7 436 €,14 187 €
Kuusalu Kogudus,vald235,2017,2000,30,2,62,0,0,2,12,254,NA,NA,NA,NA,NA,NA,NA,NA,NA
Kuusalu Kogudus,vald236,2018,2000,30,10,68,2,2,10,5,250,NA,NA,NA,NA,NA,NA,NA,NA,NA
Kuusalu Kogudus,vald237,2019,2000,27,4,71,1,1,5,5,230,NA,NA,NA,NA,NA,NA,NA,NA,NA
Lääne-Nigula Püha Nikolause Kogudus,vald238,2017,1200,32,12,10,1,0,300,28,241,Lääne,82 947 €,11 053 €,5 974 €,1 160 €,6 747 €,2 915 €,41 506 €,98 299 €
Lääne-Nigula Püha Nikolause Kogudus,vald239,2018,1200,30,14,14,1,0,220,70,242,Lääne,72 408 €,13 740 €,6 812 €,2 356 €,6 650 €,2 492 €,32 074 €,71 584 €
Lääne-Nigula Püha Nikolause Kogudus,vald240,2019,1200,29,8,8,2,0,90,70,244,Lääne,117 118 €,15 803 €,7 814 €,1 166 €,4 500 €,3 006 €,26 127 €,70 984 €
Lääne-Nigula Püha Nikolause Kogudus,vald241,2020,1200,36,2,8,1,0,15,20,233,Lääne,76 600 €,17 270 €,4 902 €, 880 €,18 165 €,2 155 €,22 908 €,75 910 €
Laatre Püha Laurentsiuse Kogudus,vald242,2017,70,14,0,10,0,0,2,2,48,Valga,24 127 €, 908 €, 609 €, 180 €,15 000 €, 280 €, 50 €,24 119 €
Laatre Püha Laurentsiuse Kogudus,vald243,2018,1200,14,1,11,0,0,0,4,51,Valga,23 226 €, 945 €, 648 €, 90 €,15 800 €, 280 €, 0 €,25 907 €
Laatre Püha Laurentsiuse Kogudus,vald244,2019,1200,18,0,15,0,0,0,0,52,Valga,104 522 €, 990 €, 716 €, 150 €,91 251 €, 0 €,5 000 €,68 646 €
Laatre Püha Laurentsiuse Kogudus,vald245,2020,1500,22,4,18,0,0,0,0,57,Valga,110 869 €,1 135 €, 801 €, 200 €,105 951 €, 280 €, 0 €,51 627 €
Laiuse Püha Jüri Kogudus,vald246,2017,160,8.45,11,8,0,0,0,0,34,Tartu,17 268 €,2 045 €, 744 €, 500 €,2 850 €,7 839 €,2 900 €,14 953 €
Laiuse Püha Jüri Kogudus,vald247,2018,160,9,0,6,1,0,0,0,33,Tartu,23 654 €,2 672 €, 593 €, 600 €,1 800 €,7 839 €,2 500 €,19 366 €
Laiuse Püha Jüri Kogudus,vald248,2019,39,7,5,2,1,0,0,7,39,Tartu,18 316 €,5 278 €, 79 €, 0 €,3 800 €,7 839 €, 0 €,27 148 €
Laiuse Püha Jüri Kogudus,vald249,2020,46,20,3,4,0,0,0,0,39,Tartu,23 550 €,1 130 €, 0 €, 0 €,5 510 €,11 000 €,5 000 €,18 069 €
Leesi Katariina Kogudus,vald250,2017,350,10,0,7,0,0,0,0,99,Ida-Harju,12 449 €,1 389 €,3 285 €,1 355 €,6 300 €, 0 €, 0 €,8 188 €
Leesi Katariina Kogudus,vald251,2018,350,7,3,3,2,1,0,0,90,Ida-Harju,16 597 €,1 247 €, 430 €, 805 €,6 600 €, 0 €, 0 €,15 088 €
Leesi Katariina Kogudus,vald252,2019,350,7,0,4,0,0,0,0,90,Ida-Harju,10 394 €,2 394 €, 720 €, 140 €,2 000 €, 0 €, 0 €,15 185 €
Leesi Katariina Kogudus,vald253,2020,350,6,0,8,0,0,0,0,70,Ida-Harju,13 986 €,1 373 €,1 738 €, 0 €,7 500 €, 745 €, 0 €,26 392 €
Lihula Eliisabeti Kogudus,vald254,2017,750,9,0,7,0,0,0,0,27,Lääne,4 447 €,1 121 €, 997 €, 360 €, 0 €,1 909 €, 0 €,4 575 €
Lihula Eliisabeti Kogudus,vald255,2018,750,8,7,14,0,0,0,0,28,Lääne,4 770 €, 854 €,1 035 €, 760 €, 500 €,1 406 €, 200 €,4 667 €
Lihula Eliisabeti Kogudus,vald256,2019,750,8.5,3,7,0,0,0,0,27,Lääne,4 820 €,1 014 €,1 000 €, 560 €, 500 €,1 662 €, 0 €,4 805 €
Lihula Eliisabeti Kogudus,vald257,2020,750,7,3,9,1,0,0,0,29,Lääne,9 112 €,1 184 €, 995 €, 800 €, 500 €,4 853 €, 0 €,5 471 €
Lohusuu Kogudus,vald258,2017,320,16,0,5,0,0,0,0,120,Tartu,2 559 €,1 355 €,1 204 €, 0 €, 0 €, 0 €, 0 €,2 681 €
Lohusuu Kogudus,vald259,2018,320,18,1,4,0,0,0,10,115,Tartu,5 141 €,1 810 €,1 801 €, 261 €, 300 €, 0 €, 0 €,3 432 €
Lohusuu Kogudus,vald260,2019,320,20,10,5,0,0,0,14,117,Tartu,5 506 €,1 940 €, 467 €, 199 €, 900 €, 0 €, 0 €,4 824 €
Lohusuu Kogudus,vald261,2020,320,8,2,3,0,0,0,10,99,NA,NA,NA,NA,NA,NA,NA,NA,NA
Loksa Püha Neitsi Maarja Kogudus,vald262,2017,450,10,0,20,0,0,0,0,83,Ida-Harju,22 707 €,1 537 €,1 985 €,3 170 €,13 735 €, 0 €, 0 €,22 313 €
Loksa Püha Neitsi Maarja Kogudus,vald263,2018,400,10,0,19,0,0,0,0,72,Ida-Harju,22 975 €,1 865 €,1 475 €,3 010 €,13 100 €, 0 €, 0 €,23 895 €
Loksa Püha Neitsi Maarja Kogudus,vald264,2019,380,8,0,19,1,0,0,0,68,Ida-Harju,30 945 €,1 325 €,1 940 €,2 810 €,16 000 €, 0 €, 0 €,31 681 €
Loksa Püha Neitsi Maarja Kogudus,vald265,2020,360,10,2,20,0,0,0,0,58,Ida-Harju,29 350 €,1 595 €,1 490 €,1 715 €,19 115 €, 0 €, 0 €,30 089 €
Lüganuse Ristija Johannese Kogudus,vald266,2017,715,33,2,20,1,0,0,0,158,Viru,28 389 €,7 823 €,2 236 €, 680 €,8 050 €, 0 €, 0 €,32 575 €
Lüganuse Ristija Johannese Kogudus,vald267,2018,700,27,7,24,0,0,8,10,153,Viru,54 090 €,8 558 €,3 242 €, 500 €,40 000 €, 0 €, 890 €,54 790 €
Lüganuse Ristija Johannese Kogudus,vald268,2019,689,20,2,9,0,0,39,0,135,Viru,44 756 €,6 817 €, 840 €, 150 €,33 863 €, 0 €, 385 €,17 652 €
Lüganuse Ristija Johannese Kogudus,vald269,2020,678,10,3,19,0,0,0,0,137,Viru,111 893 €,7 132 €,2 370 €, 0 €,99 826 €, 0 €,1 360 €,137 597 €
Maarja-Magdaleena Kogudus,vald270,2017,500,18.59,6,9,1,0,0,15,86,Tartu,17 056 €,6 232 €,1 509 €, 300 €, 0 €,7 168 €, 0 €,18 437 €
Maarja-Magdaleena Kogudus,vald271,2018,600,17,2,6,0,0,0,16,85,Tartu,21 966 €,8 422 €,1 785 €, 320 €, 0 €,7 409 €, 200 €,16 605 €
Maarja-Magdaleena Kogudus,vald272,2019,600,16,1,7,0,0,0,11,82,Tartu,93 514 €,6 846 €,1 708 €, 525 €,30 000 €,48 087 €, 0 €,56 289 €
Maarja-Magdaleena Kogudus,vald273,2020,500,10,0,6,0,0,0,10,61,Tartu,64 816 €,6 182 €,1 798 €, 700 €,43 780 €,11 781 €, 0 €,20 960 €
Märjamaa Maarja Kogudus,vald274,2017,844,25,6,10,0,0,0,19,79,Lääne,17 487 €,6 369 €,3 951 €,1 055 €, 270 €,1 404 €,4 000 €,18 096 €
Märjamaa Maarja Kogudus,vald275,2018,840,21,5,9,3,1,0,15,71,Lääne,14 574 €,6 534 €,3 897 €, 925 €, 420 €,1 466 €,1 000 €,15 194 €
Märjamaa Maarja Kogudus,vald276,2019,827,19,0,12,0,0,0,6,67,Lääne,55 807 €,4 337 €,6 732 €,1 480 €, 450 €,1 429 €,39 480 €,26 832 €
Märjamaa Maarja Kogudus,vald277,2020,821,14,2,13,0,0,0,9,47,Lääne,21 651 €,3 775 €,5 488 €,1 170 €, 495 €, 840 €,4 571 €,29 864 €
Martna Püha Martini Kogudus,vald278,2017,148,36,5,5,1,1,0,36,67,Lääne,29 641 €,3 798 €,1 328 €, 715 €,4 050 €, 0 €,18 286 €,33 743 €
Martna Püha Martini Kogudus,vald279,2018,146,25,0,2,0,0,8,48,43,Lääne,15 297 €,4 345 €,1 603 €, 260 €,4 000 €, 0 €,3 442 €,38 319 €
Martna Püha Martini Kogudus,vald280,2019,147,22.62,3,8,0,0,7,50,44,Lääne,33 651 €,3 955 €,1 733 €, 740 €,4 925 €, 0 €,14 005 €,30 723 €
Martna Püha Martini Kogudus,vald281,2020,146,9,0,7,0,0,0,0,28,Lääne,20 458 €,5 916 €, 782 €, 630 €,4 500 €, 0 €,6 882 €,27 781 €
Mehikoorma Kogudus,vald282,2017,80,10,0,12,0,0,0,16,34,Võru,1 408 €, 630 €, 0 €, 310 €, 450 €, 0 €, 0 €,1 404 €
Mehikoorma Kogudus,vald283,2018,115,8,0,5,0,0,0,5,31,Võru,1 931 €, 610 €, 271 €, 0 €, 500 €, 0 €, 0 €,1 922 €
Mehikoorma Kogudus,vald284,2019,59,6,0,5,0,0,0,0,29,Võru,12 750 €, 560 €, 190 €, 0 €,12 000 €, 0 €, 0 €,12 955 €
Mehikoorma Kogudus,vald285,2020,76,6,0,7,0,0,0,0,29,Võru,3 113 €, 830 €, 163 €, 0 €,1 300 €, 0 €, 0 €,2 549 €
Mihkli Miikaeli Kogudus,vald286,2017,398,9,0,2,0,0,0,0,78,Lääne,13 662 €,3 016 €,1 118 €, 60 €,7 500 €,1 756 €, 0 €,11 195 €
Mihkli Miikaeli Kogudus,vald287,2018,390,11,0,2,0,0,0,0,75,Lääne,17 324 €,2 901 €,3 289 €, 0 €,1 210 €,1 686 €, 0 €,25 468 €
Mihkli Miikaeli Kogudus,vald288,2019,390,9,3,2,0,0,0,0,88,Lääne,8 849 €,3 195 €,2 981 €, 30 €, 850 €,1 686 €, 0 €,10 068 €
Mihkli Miikaeli Kogudus,vald289,2020,385,5,0,4,0,0,0,0,88,Lääne,9 314 €,2 455 €, 699 €, 100 €,2 675 €,1 286 €, 0 €,11 842 €
Mõisaküla Kogudus,vald290,2017,260,21,0,3,0,0,0,38,106,Viljandi,12 375 €,1 730 €,1 355 €, 50 €, 0 €, 0 €,5 107 €,20 612 €
Mõisaküla Kogudus,vald291,2018,255,20,0,1,0,0,0,3,102,Viljandi,12 346 €,1 765 €,1 720 €, 60 €, 480 €, 0 €,8 211 €,13 538 €
Mõisaküla Kogudus,vald292,2019,255,25,0,3,1,0,0,35,100,Viljandi,9 605 €,1 705 €,1 647 €, 50 €, 300 €, 0 €,5 124 €,7 956 €
Mõisaküla Kogudus,vald293,2020,250,11,4,0,0,0,0,0,89,Viljandi,10 321 €,1 571 €, 817 €, 120 €,2 090 €, 0 €,5 194 €,7 255 €
Muhu Katariina Kogudus,vald294,2017,136,17,1,2,1,0,6,6,47,Saarte,44 377 €,1 253 €,2 976 €, 400 €, 500 €,8 645 €, 0 €,28 678 €
Muhu Katariina Kogudus,vald295,2018,136,18,8,10,1,1,0,0,44,Saarte,16 155 €,2 597 €, 950 €, 120 €, 0 €, 0 €, 0 €,20 478 €
Muhu Katariina Kogudus,vald296,2019,132,23,0,10,2,2,0,0,46,Saarte,5 228 €,2 646 €,1 801 €, 170 €, 0 €, 0 €, 0 €,7 924 €
Muhu Katariina Kogudus,vald297,2020,131,19,2,2,0,0,0,0,48,Saarte,8 611 €,2 685 €,1 666 €, 320 €,1 620 €, 100 €, 0 €,5 536 €
Mustamäe Maarja Magdaleena Kogudus,vald298,2017,107,24,5,1,0,0,16,55,59,Tallinna,48 452 €,6 089 €,2 182 €, 0 €, 0 €, 0 €,39 373 €,47 868 €
Mustamäe Maarja Magdaleena Kogudus,vald299,2018,125,23,8,0,0,0,4,60,71,Tallinna,68 890 €,4 695 €,3 257 €, 0 €, 0 €, 0 €,52 086 €,50 823 €
Mustamäe Maarja Magdaleena Kogudus,vald300,2019,126,24,1,1,0,0,10,45,72,Tallinna,110 991 €,7 106 €,5 312 €, 0 €, 0 €, 0 €,40 443 €,120 751 €
Mustamäe Maarja Magdaleena Kogudus,vald301,2020,127,15,2,1,0,0,8,10,44,Tallinna,80 237 €,5 272 €,2 557 €, 0 €,1 590 €, 0 €,43 616 €,48 354 €
Mustjala Anna Kogudus,vald302,2017,250,21,1,11,1,1,0,16,49,Saarte,15 484 €,1 718 €,1 476 €,1 138 €,9 000 €, 0 €,2 149 €,12 271 €
Mustjala Anna Kogudus,vald303,2018,250,13,4,2,1,1,0,14,48,Saarte,9 176 €,1 512 €,1 059 €,1 072 €,4 150 €, 304 €,1 075 €,7 449 €
Mustjala Anna Kogudus,vald304,2019,250,12,1,2,1,1,0,12,47,Saarte,10 233 €,1 480 €, 977 €, 460 €,6 000 €, 0 €, 246 €,20 640 €
Mustjala Anna Kogudus,vald305,2020,250,12,2,7,0,0,0,9,47,Saarte,12 578 €,1 990 €, 483 €, 937 €,8 486 €, 412 €, 0 €,15 347 €
Mustvee Kogudus,vald306,2017,500,32,12,9,1,1,0,0,298,Tartu,19 223 €,10 926 €,3 617 €, 830 €, 150 €, 200 €,3 500 €,15 691 €
Mustvee Kogudus,vald307,2018,500,30,5,6,0,0,0,0,295,Tartu,17 814 €,9 967 €,2 373 €, 885 €, 300 €, 200 €,4 089 €,14 693 €
Mustvee Kogudus,vald308,2019,500,30,8,5,4,2,0,0,301,Tartu,18 139 €,10 055 €,2 380 €, 300 €, 300 €, 0 €,5 104 €,14 272 €
Mustvee Kogudus,vald309,2020,500,20,7,9,2,0,0,0,270,Tartu,23 439 €,12 220 €, 823 €, 662 €,5 685 €, 0 €,4 049 €,18 228 €
Narva Maarja Kogudus,vald310,2017,70,13,2,10,0,0,0,3,63,Viru,17 903 €,2 942 €,2 557 €, 535 €,2 323 €, 903 €,1 540 €,31 308 €
Narva Maarja Kogudus,vald311,2018,89,13,8,16,0,0,0,5,73,Viru,779 829 €,3 095 €,5 507 €,2 400 €,245 000 €,6 592 €,3 000 €,785 974 €
Narva Maarja Kogudus,vald312,2019,88,11,1,12,0,0,3,5,70,Viru,425 091 €,3 065 €,8 021 €,1 264 €,205 000 €,19 148 €, 0 €,434 949 €
Narva Maarja Kogudus,vald313,2020,100,11,1,10,0,0,3,2,66,Viru,47 372 €,4 295 €,6 421 €,1 108 €,9 971 €, 0 €,7 575 €,43 255 €
Narva-Jõesuu Kogudus,vald314,2017,144,11,1,2,0,0,0,24,24,NA,NA,NA,NA,NA,NA,NA,NA,NA
Narva-Jõesuu Kogudus,vald315,2018,129,14,2,1,0,0,0,15,26,NA,NA,NA,NA,NA,NA,NA,NA,NA
Narva-Jõesuu Kogudus,vald316,2019,127,14,0,1,0,0,0,12,23,NA,NA,NA,NA,NA,NA,NA,NA,NA
Nissi Maarja Kogudus,vald317,2017,800,26,16,25,4,3,0,30,150,Lääne-Harju,52 305 €,14 342 €,2 709 €,2 753 €, 0 €,1 145 €, 0 €,31 203 €
Nissi Maarja Kogudus,vald318,2018,800,25,5,25,0,0,0,23,147,Lääne-Harju,26 719 €,10 570 €,2 790 €,4 110 €, 198 €,1 163 €, 492 €,51 124 €
Nissi Maarja Kogudus,vald319,2019,700,27,11,27,1,1,0,0,150,Lääne-Harju,29 890 €,9 662 €,1 794 €,4 835 €, 0 €,1 544 €,8 539 €,45 915 €
Nissi Maarja Kogudus,vald320,2020,108,14.05,7,20,3,3,0,0,100,Lääne-Harju,42 157 €,11 083 €,12 281 €,2 915 €,4 399 €,6 232 €,1 837 €,42 278 €
Noarootsi Püha Katariina Kogudus,vald321,2017,152,19,4,1,1,0,0,10,23,Lääne,32 740 €,1 156 €,1 993 €, 370 €, 0 €, 711 €,7 638 €,35 561 €
Noarootsi Püha Katariina Kogudus,vald322,2018,149,23,0,0,2,0,0,0,24,Lääne,29 413 €,1 074 €,2 439 €, 570 €, 0 €, 771 €,7 711 €,34 348 €
Noarootsi Püha Katariina Kogudus,vald323,2019,145,18,1,1,1,0,0,10,24,Lääne,28 001 €,1 205 €,2 357 €, 520 €, 0 €, 771 €,8 538 €,30 920 €
Noarootsi Püha Katariina Kogudus,vald324,2020,140,8,0,3,0,0,0,0,28,Lääne,14 937 €,1 398 €,1 913 €, 440 €,1 820 €, 771 €,8 275 €,16 476 €
Nõmme Rahu Kogudus,vald325,2017,3500,175,23,41,5,4,0,42,403,Tallinna,293 811 €,30 405 €,10 978 €,7 678 €,200 000 €,23 224 €,10 236 €,308 157 €
Nõmme Rahu Kogudus,vald326,2018,3500,175,28,40,7,7,0,35,401,Tallinna,114 848 €,33 345 €,13 779 €,10 535 €,21 000 €,20 264 €,6 489 €,121 483 €
Nõmme Rahu Kogudus,vald327,2019,3500,175,28,40,7,7,0,35,410,Tallinna,104 843 €,36 797 €,11 987 €,11 620 €,14 349 €,23 048 €,6 392 €,106 727 €
Nõmme Rahu Kogudus,vald328,2020,3500,70,19,33,5,5,0,15,301,Tallinna,103 897 €,38 391 €,8 982 €,8 400 €,22 630 €,17 092 €,5 368 €,76 872 €
Nõo Püha Laurentsiuse Kogudus,vald329,2017,630,21.3,3,22,1,0,9,13,185,Valga,52 934 €,11 597 €,4 639 €, 0 €,16 623 €, 881 €, 298 €,51 149 €
Nõo Püha Laurentsiuse Kogudus,vald330,2018,650,20.7,15,21,1,1,0,8,184,Valga,28 229 €,10 807 €,5 475 €, 0 €,6 623 €, 881 €,1 263 €,29 137 €
Nõo Püha Laurentsiuse Kogudus,vald331,2019,650,21,14,22,0,0,1,6,180,Valga,161 308 €,13 316 €,3 883 €, 0 €,5 223 €,2 300 €, 120 €,94 883 €
Nõo Püha Laurentsiuse Kogudus,vald332,2020,650,15.7,11,14,0,0,0,6,175,Valga,149 859 €,12 997 €,4 834 €, 0 €,37 407 €,92 300 €, 0 €,143 059 €
Nõva Püha Olevi Kogudus,vald333,2017,215,16,2,2,2,0,0,8,47,Lääne,8 311 €,2 600 €,1 019 €, 110 €, 0 €, 320 €, 270 €,6 782 €
Nõva Püha Olevi Kogudus,vald334,2018,210,18,4,4,0,0,0,6,48,Lääne,33 363 €,2 905 €,1 495 €, 210 €,2 750 €,14 507 €,3 200 €,21 135 €
Nõva Püha Olevi Kogudus,vald335,2019,213,18,0,3,1,0,0,5,48,Lääne,82 486 €,2 590 €, 892 €, 100 €, 750 €,9 341 €,5 050 €,98 233 €
Nõva Püha Olevi Kogudus,vald336,2020,255,12,0,3,0,0,0,0,47,Lääne,18 090 €,3 190 €, 986 €, 50 €,3 490 €,5 423 €, 0 €,16 455 €
Orissaare Kogudus,vald337,2017,303,8,2,3,3,0,0,0,40,Saarte,42 514 €,2 586 €, 100 €,1 215 €, 0 €,9 231 €, 0 €,41 660 €
Orissaare Kogudus,vald338,2018,306,8,3,8,4,1,0,0,26,Saarte,65 742 €,2 033 €, 0 €, 510 €,2 765 €,29 455 €, 0 €,64 633 €
Orissaare Kogudus,vald339,2019,306,9,0,8,1,0,0,0,29,Saarte,74 260 €,2 988 €, 0 €,1 255 €,1 000 €,32 882 €, 0 €,75 388 €
Orissaare Kogudus,vald340,2020,315,11,2,11,1,1,0,0,41,Saarte,47 526 €,3 052 €, 0 €,2 620 €,4 166 €,10 141 €, 0 €,47 944 €
Otepää Maarja Kogudus,vald341,2017,475,45,10,57,7,5,0,0,251,Valga,45 185 €,5 228 €,2 029 €, 440 €,35 600 €, 0 €, 300 €,43 870 €
Otepää Maarja Kogudus,vald342,2018,600,50,8,59,5,5,0,0,226,Valga,27 147 €,5 266 €,2 085 €, 95 €,19 200 €, 0 €, 500 €,29 641 €
Otepää Maarja Kogudus,vald343,2019,520,50,11,51,6,3,0,0,215,Valga,11 416 €,6 713 €,1 996 €, 130 €,2 000 €, 0 €, 500 €,12 150 €
Otepää Maarja Kogudus,vald344,2020,523,15,6,60,6,5,0,0,221,Valga,24 199 €,8 441 €,1 174 €, 90 €,4 345 €, 0 €,10 000 €,8 613 €
Paide Püha Risti Kogudus,vald345,2017,510,26,0,7,0,0,0,0,78,Järva,38 631 €,4 482 €,1 855 €, 100 €,14 000 €,3 160 €,1 001 €,42 932 €
Paide Püha Risti Kogudus,vald346,2018,512,30,4,2,0,0,0,0,55,Järva,47 086 €,4 998 €,4 627 €, 100 €,19 500 €,2 061 €, 500 €,47 999 €
Paide Püha Risti Kogudus,vald347,2019,520,32,6,8,3,0,0,0,54,Järva,96 076 €,5 198 €,4 310 €,1 290 €,79 975 €,1 855 €, 150 €,96 315 €
Paide Püha Risti Kogudus,vald348,2020,152,15,6,5,0,0,0,0,52,Järva,39 179 €,5 397 €,2 015 €, 950 €,23 620 €,2 782 €, 0 €,36 495 €
Paistu Maarja Kogudus,vald349,2017,48,14,0,5,0,0,0,0,48,Viljandi,39 038 €,1 390 €,2 491 €, 120 €,4 150 €,2 144 €, 900 €,38 334 €
Paistu Maarja Kogudus,vald350,2018,158,14,0,3,0,0,0,0,46,Viljandi,31 896 €,1 275 €,2 735 €, 70 €,2 298 €,2 658 €,4 657 €,31 210 €
Paistu Maarja Kogudus,vald351,2019,151,10,2,1,0,0,0,0,41,Viljandi,14 218 €,1 870 €,2 671 €, 0 €,1 800 €,2 974 €, 250 €,18 903 €
Paistu Maarja Kogudus,vald352,2020,177,8,0,4,0,0,0,0,33,Viljandi,11 454 €,1 705 €,1 627 €, 0 €,4 594 €,3 417 €, 0 €,12 339 €
Palamuse Püha Bartholomeuse Kogudus,vald353,2017,200,19,2,10,0,0,0,9,46,Tartu,38 133 €,2 108 €,4 312 €, 600 €,1 437 €,23 744 €,5 932 €,33 437 €
Palamuse Püha Bartholomeuse Kogudus,vald354,2018,200,22,5,22,1,1,0,8,49,Tartu,38 062 €,2 583 €,2 394 €, 280 €,1 200 €,21 714 €,9 092 €,36 329 €
Palamuse Püha Bartholomeuse Kogudus,vald355,2019,200,15,2,15,0,0,0,10,39,Tartu,39 601 €,1 752 €,5 200 €, 195 €,6 110 €,18 846 €,6 219 €,39 935 €
Palamuse Püha Bartholomeuse Kogudus,vald356,2020,200,9,1,12,1,1,0,10,41,Tartu,40 014 €,2 207 €,2 570 €, 70 €,4 550 €,16 586 €,7 950 €,48 887 €
Paldiski Nikolai Kogudus,vald357,2017,130,6,0,1,0,0,0,0,16,Lääne-Harju,11 280 €, 530 €,1 526 €, 50 €,1 680 €, 0 €,5 638 €,9 966 €
Paldiski Nikolai Kogudus,vald358,2018,128,5.5,0,0,0,0,0,0,17,Lääne-Harju,8 377 €, 539 €, 726 €, 0 €, 700 €, 0 €,5 953 €,22 459 €
Paldiski Nikolai Kogudus,vald359,2019,128,6,0,1,0,0,0,0,14,Lääne-Harju,8 631 €, 492 €,1 020 €, 50 €, 350 €, 0 €,5 429 €,10 316 €
Paldiski Nikolai Kogudus,vald360,2020,128,6,0,1,0,0,0,0,18,Lääne-Harju,7 122 €, 665 €, 570 €, 50 €, 550 €, 0 €,5 167 €,5 242 €
Pärnu Eliisabeti Kogudus,vald361,2017,6000,50,16,50,5,0,0,20,1444,Pärnu,492 453 €,27 231 €,39 438 €,5 913 €,21 000 €,106 700 €,3 400 €,319 403 €
Pärnu Eliisabeti Kogudus,vald362,2018,5983,60,19,43,7,0,0,12,1157,Pärnu,298 137 €,25 377 €,25 749 €,5 926 €,115 821 €,111 991 €,3 900 €,393 400 €
Pärnu Eliisabeti Kogudus,vald363,2019,5978,61,32,37,2,0,0,12,1076,Pärnu,296 583 €,28 068 €,20 123 €,6 625 €,91 852 €,118 010 €,3 500 €,292 394 €
Pärnu Eliisabeti Kogudus,vald364,2020,5874,46,16,27,2,0,0,8,823,Pärnu,312 258 €,28 319 €,24 981 €,5 589 €,180 113 €,69 774 €,2 500 €,282 479 €
Pärnu-Jakobi Kogudus,vald365,2017,1000,7,0,13,0,0,0,0,161,Pärnu,26 786 €,4 491 €, 984 €, 965 €,7 696 €,10 086 €,2 364 €,21 994 €
Pärnu-Jakobi Kogudus,vald366,2018,0,6,0,11,1,0,0,0,139,Pärnu,33 423 €,3 748 €, 868 €,1 315 €,13 184 €,11 474 €, 964 €,28 001 €
Pärnu-Jakobi Kogudus,vald367,2019,950,18,6,14,1,0,0,0,141,Pärnu,44 432 €,4 721 €,2 812 €,1 915 €,10 626 €,8 485 €,2 908 €,44 065 €
Pärnu-Jakobi Kogudus,vald368,2020,968,11,2,12,0,0,0,0,109,Pärnu,68 527 €,3 290 €,3 641 €,1 450 €,17 429 €,40 042 €,1 448 €,36 310 €
Petseri Peetri Kogudus,vald369,2017,15,3,0,1,0,0,0,0,12,Võru, 424 €, 196 €, 6 €, 0 €, 0 €, 0 €, 0 €, 247 €
Petseri Peetri Kogudus,vald370,2018,12,2,0,1,0,0,0,0,12,Võru,1 832 €, 210 €, 415 €, 0 €, 0 €, 0 €, 0 €,1 816 €
Petseri Peetri Kogudus,vald371,2019,21,2,0,0,0,0,0,0,11,Võru,3 344 €, 154 €, 312 €, 0 €,2 543 €, 0 €, 0 €,1 777 €
Petseri Peetri Kogudus,vald372,2020,38,2,0,1,0,0,0,0,11,NA,NA,NA,NA,NA,NA,NA,NA,NA
Piirsalu Kogudus,vald373,2017,390,13,1,2,0,0,0,0,43,Lääne,6 658 €,3 975 €, 405 €, 150 €, 0 €, 685 €, 300 €,6 769 €
Piirsalu Kogudus,vald374,2018,110,15,1,1,0,0,0,0,44,Lääne,8 103 €,3 935 €, 645 €, 155 €, 0 €, 659 €,1 120 €,5 691 €
Piirsalu Kogudus,vald375,2019,110,15,2,1,0,0,0,0,41,Lääne,6 801 €,4 250 €, 405 €, 150 €, 0 €, 917 €, 600 €,8 067 €
Piirsalu Kogudus,vald376,2020,91,10,0,2,0,0,0,0,40,Lääne,8 940 €,5 339 €, 375 €, 25 €,2 030 €, 917 €, 0 €,7 142 €
Pilistvere Andrease Kogudus,vald377,2017,561,39,9,23,0,0,15,0,72,Viljandi,191 932 €,2 735 €,3 882 €,4 371 €,28 550 €,1 064 €,87 338 €,193 165 €
Pilistvere Andrease Kogudus,vald378,2018,552,36,2,18,0,0,19,0,82,Viljandi,183 362 €,3 472 €,2 882 €,3 194 €,13 198 €, 0 €,87 644 €,187 664 €
Pilistvere Andrease Kogudus,vald379,2019,550,37,10,19,0,0,14,0,69,Viljandi,178 679 €,3 571 €,2 125 €,1 650 €,21 500 €,2 128 €,79 489 €,178 116 €
Pilistvere Andrease Kogudus,vald380,2020,551,16,1,16,1,0,15,0,83,Viljandi,125 728 €,3 337 €,1 763 €, 650 €,23 000 €,1 064 €,51 059 €,99 088 €
Pindi Kogudus,vald381,2017,700,20,13,28,1,0,0,0,264,Võru,35 272 €,10 432 €,5 834 €,1 161 €,8 485 €, 684 €, 0 €,34 897 €
Pindi Kogudus,vald382,2018,700,20,24,34,4,0,0,0,270,Võru,27 929 €,10 586 €,6 034 €,1 567 €,8 330 €, 568 €, 0 €,26 291 €
Pindi Kogudus,vald383,2019,500,20,10,24,1,0,0,0,252,Võru,50 975 €,11 236 €,9 621 €,1 557 €,26 796 €, 913 €, 0 €,45 590 €
Pindi Kogudus,vald384,2020,700,15,19,35,2,0,0,0,245,Võru,47 908 €,11 197 €,6 773 €,1 625 €,24 705 €,1 842 €, 0 €,49 927 €
Pöide Maarja Kogudus,vald385,2017,80,20,2,3,0,0,0,0,28,Saarte,9 646 €,1 528 €,2 035 €, 0 €,1 296 €, 801 €,1 104 €,11 319 €
Pöide Maarja Kogudus,vald386,2018,75,16,0,7,0,0,0,0,27,Saarte,8 381 €,1 396 €,3 134 €, 0 €,1 700 €, 801 €, 0 €,5 982 €
Pöide Maarja Kogudus,vald387,2019,75,16,0,2,0,0,0,0,22,Saarte,12 033 €,1 125 €,2 503 €, 100 €,3 338 €, 801 €, 0 €,19 134 €
Pöide Maarja Kogudus,vald388,2020,75,10,0,1,0,0,0,0,29,Saarte,21 604 €,1 645 €,3 082 €, 50 €,1 541 €, 801 €, 0 €,14 541 €
Põltsamaa Niguliste Kogudus,vald389,2017,3500,52,20,48,3,1,10,37,827,Viljandi,151 720 €,19 662 €,17 980 €,6 745 €,23 500 €,26 777 €,24 354 €,175 818 €
Põltsamaa Niguliste Kogudus,vald390,2018,3500,46,16,48,6,5,5,39,805,Viljandi,155 577 €,21 207 €,16 432 €,6 454 €,26 700 €,19 940 €,30 473 €,148 857 €
Põltsamaa Niguliste Kogudus,vald391,2019,3500,41.84,19,62,1,1,7,30,761,Viljandi,148 460 €,21 212 €,21 306 €,5 638 €,24 510 €,19 000 €,31 718 €,139 000 €
Põltsamaa Niguliste Kogudus,vald392,2020,3500,0,12,55,4,4,0,28,750,Viljandi,142 292 €,23 022 €,13 374 €,7 202 €,29 222 €,11 984 €,43 890 €,191 725 €
Põlva Püha Neitsi Maarja Kogudus,vald393,2017,1500,32,5,24,4,0,6,21,256,Võru,118 832 €,9 615 €,3 759 €, 690 €,21 557 €,80 424 €, 0 €,146 657 €
Põlva Püha Neitsi Maarja Kogudus,vald394,2018,1200,35,29,63,3,0,8,25,244,Võru,90 353 €,10 076 €,4 011 €,1 845 €,17 800 €,56 148 €, 0 €,167 322 €
Põlva Püha Neitsi Maarja Kogudus,vald395,2019,2700,38,2,72,2,0,8,27,258,Võru,113 512 €,12 549 €,3 382 €,1 849 €,30 000 €,64 569 €, 0 €,121 917 €
Põlva Püha Neitsi Maarja Kogudus,vald396,2020,2650,29,4,70,5,0,9,13,253,Võru,220 337 €,13 278 €,2 418 €,3 465 €,111 161 €,84 039 €, 0 €,182 944 €
Prangli Laurentsiuse Kogudus,vald397,2017,30,4,0,0,0,0,0,0,12,Ida-Harju,1 807 €, 405 €, 0 €, 0 €,1 400 €, 0 €, 0 €, 138 €
Prangli Laurentsiuse Kogudus,vald398,2018,50,10,0,1,0,0,0,0,12,Ida-Harju,3 644 €, 847 €, 625 €, 0 €,2 100 €, 0 €, 0 €, 720 €
Prangli Laurentsiuse Kogudus,vald399,2019,80,12,5,2,0,0,0,0,10,Ida-Harju,1 826 €, 435 €,1 360 €, 0 €, 0 €, 0 €, 0 €, 356 €
Prangli Laurentsiuse Kogudus,vald400,2020,80,22,1,1,0,0,0,0,9,Ida-Harju,3 521 €, 610 €, 0 €, 25 €,2 840 €, 0 €, 0 €,11 707 €
Püha Jakobi Kogudus,vald401,2017,492,29,6,9,2,1,0,44,216,Saarte,60 550 €,6 015 €,3 025 €,1 665 €,2 850 €,3 567 €,15 660 €,53 214 €
Püha Jakobi Kogudus,vald402,2018,489,24,0,7,3,3,0,49,215,Saarte,72 604 €,7 725 €,2 469 €,1 205 €,7 700 €,4 350 €,18 759 €,86 167 €
Püha Jakobi Kogudus,vald403,2019,490,24,8,5,3,2,2,47,214,Saarte,182 067 €,7 728 €,2 506 €,1 240 €,106 700 €,4 778 €,5 402 €,178 936 €
Püha Jakobi Kogudus,vald404,2020,490,16,5,6,3,2,0,6,209,Saarte,64 784 €,8 753 €,1 751 €,1 540 €,30 400 €,5 923 €,14 754 €,59 846 €
Pühajõe Maarja Kogudus,vald405,2017,161,11,3,1,0,0,0,25,39,Viru,6 027 €,2 009 €,1 393 €, 275 €, 960 €, 0 €,1 390 €,6 337 €
Pühajõe Maarja Kogudus,vald406,2018,157,11,0,0,2,1,0,14,35,Viru,30 859 €,1 820 €,1 209 €, 300 €, 960 €, 250 €,1 240 €,2 915 €
Pühajõe Maarja Kogudus,vald407,2019,156,11,1,1,0,0,0,19,34,Viru,57 423 €,2 262 €,4 000 €, 275 €,11 000 €, 180 €,1 468 €,79 313 €
Pühajõe Maarja Kogudus,vald408,2020,200,9,1,2,1,0,0,12,29,Viru,6 258 €,2 268 €, 930 €, 155 €, 910 €, 560 €,1 435 €,9 597 €
Pühalepa Laurentsiuse Kogudus,vald409,2017,150,13,1,3,2,2,0,0,17,Saarte,6 863 €,1 222 €,1 524 €, 598 €,1 500 €,1 025 €, 594 €,6 740 €
Pühalepa Laurentsiuse Kogudus,vald410,2018,150,13,2,3,1,1,0,0,17,Saarte,7 023 €,1 282 €,1 668 €, 630 €,1 150 €,1 531 €, 237 €,4 828 €
Pühalepa Laurentsiuse Kogudus,vald411,2019,150,11,0,1,0,0,0,0,19,Saarte,13 034 €,1 192 €,1 404 €, 300 €,8 250 €,1 110 €, 276 €,11 633 €
Pühalepa Laurentsiuse Kogudus,vald412,2020,150,7,0,2,1,1,0,0,18,Saarte,5 179 €,1 134 €, 891 €, 570 €,1 369 €, 880 €, 0 €,5 156 €
Puhja Kogudus,vald413,2017,240,16,2,6,0,0,0,29,51,Valga,20 726 €,2 283 €,3 098 €, 0 €,1 670 €, 0 €,7 822 €,18 412 €
Puhja Kogudus,vald414,2018,230,16,1,4,2,2,0,20,50,Valga,40 007 €,2 864 €,2 439 €, 0 €,2 464 €, 0 €,5 458 €,40 959 €
Puhja Kogudus,vald415,2019,240,15,8,6,1,1,0,37,57,Valga,130 961 €,4 093 €,7 932 €, 0 €,47 036 €, 0 €,4 127 €,123 625 €
Puhja Kogudus,vald416,2020,269,9.7,10,5,1,1,0,33,60,Valga,254 261 €,3 790 €,6 598 €, 0 €,228 528 €, 0 €,3 940 €,255 785 €
Rakvere Kolmainu Kogudus,vald417,2017,993,64,24,21,6,6,0,12,211,Viru,99 143 €,19 758 €,6 679 €,4 045 €,2 800 €,23 034 €,1 250 €,113 287 €
Rakvere Kolmainu Kogudus,vald418,2018,1074,51,10,15,9,5,0,11,200,Viru,102 794 €,20 983 €,11 129 €,2 845 €,15 000 €,24 370 €, 0 €,120 752 €
Rakvere Kolmainu Kogudus,vald419,2019,1048,59,36,22,2,2,0,8,214,Viru,169 883 €,19 315 €,8 189 €,4 340 €,42 219 €,17 197 €,1 600 €,163 229 €
Rakvere Kolmainu Kogudus,vald420,2020,1082,40,23,14,7,6,0,12,216,Viru,373 675 €,21 996 €,8 507 €,4 275 €,263 724 €,18 633 €, 0 €,441 499 €
Randvere Kogudus,vald421,2017,92,16,0,1,0,0,0,0,52,Ida-Harju,16 578 €,2 337 €,3 147 €, 150 €,10 567 €, 0 €, 0 €,12 942 €
Randvere Kogudus,vald422,2018,96,16,0,1,2,0,0,0,49,Ida-Harju,10 036 €,2 555 €,2 436 €, 563 €,1 977 €, 0 €,2 189 €,11 963 €
Randvere Kogudus,vald423,2019,92,15,0,5,0,0,0,0,50,Ida-Harju,9 651 €,2 790 €,1 932 €, 630 €,2 991 €, 173 €, 501 €,8 639 €
Randvere Kogudus,vald424,2020,90,12,0,3,0,0,0,0,43,Ida-Harju,10 464 €,2 830 €,2 260 €, 250 €,4 020 €, 0 €, 0 €,10 556 €
Rannamõisa Kogudus,vald425,2017,700,47.1,9,19,3,0,25,24,118,Lääne-Harju,47 851 €,4 341 €,39 300 €, 960 €, 0 €,2 199 €,1 000 €,43 415 €
Rannamõisa Kogudus,vald426,2018,700,44.5,6,17,3,0,20,20,125,Lääne-Harju,47 751 €,4 366 €,37 495 €,1 182 €, 0 €,1 045 €,3 606 €,45 674 €
Rannamõisa Kogudus,vald427,2019,700,45.1,10,26,1,0,25,17,105,Lääne-Harju,56 695 €,5 735 €,39 880 €,1 257 €,5 112 €,2 230 €,2 259 €,54 679 €
Rannamõisa Kogudus,vald428,2020,700,35,4,13,2,0,8,15,118,Lääne-Harju,54 827 €,9 717 €,40 702 €, 831 €,2 180 €, 595 €, 800 €,58 676 €
Rannu Püha Martini Kogudus,vald429,2017,140,5.5,0,3,0,0,0,0,18,Valga,20 874 €, 390 €, 191 €, 80 €,9 641 €,4 158 €,5 064 €,18 242 €
Rannu Püha Martini Kogudus,vald430,2018,140,14,2,2,0,0,0,45,14,Valga,12 301 €, 665 €, 881 €, 330 €,2 000 €,2 254 €, 0 €,11 021 €
Rannu Püha Martini Kogudus,vald431,2019,153,22,5,9,0,0,0,10,31,Valga,40 565 €,3 730 €,3 270 €, 250 €,29 582 €,2 254 €,1 278 €,36 095 €
Rannu Püha Martini Kogudus,vald432,2020,163,12,6,5,0,0,0,8,36,Valga,30 749 €,3 836 €, 195 €, 100 €,11 576 €, 350 €,2 016 €,42 306 €
Räpina Miikaeli Kogudus,vald433,2017,1650,45,10,41,3,2,7,12,485,Võru,346 098 €,14 103 €,9 781 €,3 250 €,5 860 €,2 409 €,1 977 €,349 287 €
Räpina Miikaeli Kogudus,vald434,2018,950,45,10,43,3,3,8,12,450,Võru,320 710 €,15 468 €,8 659 €,2 630 €,5 236 €,2 814 €,9 539 €,317 147 €
Räpina Miikaeli Kogudus,vald435,2019,1500,45,10,35,3,3,5,15,435,Võru,381 757 €,15 437 €,9 866 €,2 950 €,5 230 €,2 699 €,1 974 €,331 782 €
Räpina Miikaeli Kogudus,vald436,2020,1500,30,8,37,3,2,5,15,400,Võru,382 557 €,15 418 €,9 097 €,2 295 €,18 280 €,2 409 €, 828 €,328 858 €
Rapla Maarja-Magdaleena Kogudus,vald437,2017,2300,65,40,66,14,14,0,9,514,Lääne-Harju,197 355 €,30 886 €,9 659 €,8 608 €,27 996 €,1 200 €,3 044 €,181 691 €
Rapla Maarja-Magdaleena Kogudus,vald438,2018,2200,63,26,67,8,7,0,10,484,Lääne-Harju,205 461 €,32 669 €,10 461 €,7 668 €,51 716 €,3 686 €,2 731 €,204 998 €
Rapla Maarja-Magdaleena Kogudus,vald439,2019,2100,52,16,50,6,5,0,10,456,Lääne-Harju,163 049 €,34 801 €,13 314 €,5 356 €,28 623 €,4 522 €, 0 €,173 095 €
Rapla Maarja-Magdaleena Kogudus,vald440,2020,2100,38,24,63,4,3,0,4,450,Lääne-Harju,192 744 €,39 437 €,11 268 €,6 224 €,37 055 €,95 215 €, 0 €,177 747 €
Reigi Jeesuse Kogudus,vald441,2017,350,21,4,7,1,1,0,0,77,Saarte,17 881 €,3 365 €,2 440 €, 706 €,6 500 €,2 172 €,1 158 €,20 110 €
Reigi Jeesuse Kogudus,vald442,2018,350,19,1,13,1,1,0,0,75,Saarte,23 876 €,3 859 €,2 395 €, 700 €, 0 €,2 721 €, 199 €,48 324 €
Reigi Jeesuse Kogudus,vald443,2019,350,21,0,15,2,2,0,0,69,Saarte,51 201 €,3 767 €,3 174 €,1 800 €,18 942 €,1 979 €,1 165 €,40 295 €
Reigi Jeesuse Kogudus,vald444,2020,300,12,2,9,0,0,0,0,62,Saarte,41 304 €,3 393 €,2 791 €,1 070 €,30 174 €,2 399 €, 0 €,45 149 €
Ridala Püha Maarja Magdaleena Kogudus,vald445,2017,409,17,4,2,2,2,0,4,56,Lääne,32 615 €,3 452 €,2 137 €, 595 €,3 705 €,1 166 €,10 670 €,31 322 €
Ridala Püha Maarja Magdaleena Kogudus,vald446,2018,414,17,6,2,2,0,0,6,44,Lääne,31 957 €,4 263 €,2 328 €, 799 €,6 956 €,1 215 €,10 441 €,30 365 €
Ridala Püha Maarja Magdaleena Kogudus,vald447,2019,464,19,10,5,1,1,0,4,55,Lääne,47 358 €,5 892 €,2 313 €,1 088 €,1 997 €,1 328 €,6 059 €,50 312 €
Ridala Püha Maarja Magdaleena Kogudus,vald448,2020,471,14,5,6,0,0,0,5,43,Lääne,32 430 €,4 785 €,2 694 €, 555 €,8 392 €, 325 €,8 479 €,34 319 €
Risti Kogudus,vald449,2017,764,46.46,24,25,5,0,48,15,312,Lääne-Harju,81 037 €,15 875 €,29 311 €,3 871 €,4 969 €,7 067 €,9 396 €,80 362 €
Risti Kogudus,vald450,2018,847,41,24,19,2,0,22,18,325,Lääne-Harju,105 844 €,19 705 €,7 678 €,2 595 €,7 569 €,3 525 €,16 531 €,126 732 €
Risti Kogudus,vald451,2019,901,45,19,28,3,0,59,24,341,Lääne-Harju,95 174 €,22 747 €,5 079 €,5 668 €,1 844 €,5 386 €,6 015 €,66 223 €
Risti Kogudus,vald452,2020,909,37,36,36,2,0,5,46,374,Lääne-Harju,136 895 €,28 754 €,6 781 €,8 378 €,57 222 €,6 580 €,10 569 €,-129 751 €
Rõngu Mihkli Kogudus,vald453,2017,200,26,7,14,2,0,10,0,84,Valga,14 101 €,1 950 €,3 526 €, 240 €,3 425 €,3 774 €, 741 €,9 071 €
Rõngu Mihkli Kogudus,vald454,2018,200,26,6,13,0,0,5,0,90,Valga,20 363 €,1 703 €,4 791 €, 280 €,4 493 €,4 999 €, 600 €,13 817 €
Rõngu Mihkli Kogudus,vald455,2019,200,26,3,13,1,1,0,0,91,Valga,15 562 €,2 345 €,3 116 €, 100 €,1 200 €,5 661 €,1 031 €,28 492 €
Rõngu Mihkli Kogudus,vald456,2020,200,12,0,12,0,0,0,0,86,Valga,23 460 €,1 365 €,2 443 €, 350 €,8 614 €,6 101 €, 0 €,36 463 €
Roosa Jakobi Kogudus,vald457,2017,60,11,0,3,0,0,0,0,18,Võru, 0 €, 0 €, 0 €, 0 €, 0 €, 0 €, 0 €, 0 €
Roosa Jakobi Kogudus,vald458,2018,58,13,0,3,0,0,0,0,22,Võru, 80 €, 80 €, 0 €, 0 €, 0 €, 0 €, 0 €, 191 €
Roosa Jakobi Kogudus,vald459,2019,58,15,0,3,0,0,0,0,21,Võru, 50 €, 50 €, 0 €, 0 €, 0 €, 0 €, 0 €, 133 €
Roosa Jakobi Kogudus,vald460,2020,59,5,0,3,0,0,0,0,22,Võru,1 712 €, 310 €, 55 €, 50 €, 675 €, 0 €, 0 €,1 190 €
Rootsi-Mihkli,vald461,2017,436,58,6,8,10,0,0,18,174,NA,NA,NA,NA,NA,NA,NA,NA,NA
Rootsi-Mihkli,vald462,2018,448,60,5,6,7,0,0,23,196,NA,NA,NA,NA,NA,NA,NA,NA,NA
Rootsi-Mihkli,vald463,2019,462,65,7,7,6,0,0,23,198,NA,NA,NA,NA,NA,NA,NA,NA,NA
Rootsi-Mihkli,vald464,2020,469,18,3,9,2,0,0,24,208,NA,NA,NA,NA,NA,NA,NA,NA,NA
Rõuge Maarja Kogudus,vald465,2017,2503,49,25,42,7,7,0,12,340,Võru,25 385 €,12 069 €,2 146 €, 170 €,3 200 €, 969 €, 0 €,24 684 €
Rõuge Maarja Kogudus,vald466,2018,2508,45,38,32,10,10,0,15,327,Võru,35 321 €,12 186 €,2 783 €,1 675 €,3 300 €,1 548 €, 0 €,29 412 €
Rõuge Maarja Kogudus,vald467,2019,2500,48,30,30,7,7,0,0,321,Võru,34 458 €,12 730 €,3 608 €, 750 €,3 300 €,1 930 €, 0 €,37 027 €
Rõuge Maarja Kogudus,vald468,2020,2500,12,22,27,5,5,3,0,286,Võru,156 336 €,12 663 €,3 936 €, 910 €,3 300 €,2 102 €,116 000 €,40 296 €
Ruhnu Püha Magdaleena Kogudus,vald469,2017,50,15,2,1,0,0,0,0,14,Saarte,10 682 €, 312 €,8 611 €, 481 €, 0 €,1 240 €, 0 €,5 404 €
Ruhnu Püha Magdaleena Kogudus,vald470,2018,50,5,0,0,1,1,0,0,13,Saarte,15 119 €, 359 €,1 831 €, 100 €,6 404 €,6 325 €, 0 €,14 753 €
Ruhnu Püha Magdaleena Kogudus,vald471,2019,50,28,1,3,1,0,0,0,14,Saarte,21 250 €, 689 €,2 375 €, 900 €,11 131 €,6 155 €, 0 €,20 461 €
Ruhnu Püha Magdaleena Kogudus,vald472,2020,61,7,2,0,0,0,0,0,20,Saarte,12 089 €, 690 €,1 839 €, 50 €,2 050 €, 0 €, 0 €,10 461 €
Saarde Katariina Kogudus,vald473,2017,830,50,3,18,1,0,8,780,60,Pärnu,86 067 €,1 686 €,17 850 €,3 540 €,1 297 €, 0 €,26 847 €,79 436 €
Saarde Katariina Kogudus,vald474,2018,832,50,0,18,1,0,8,700,61,Pärnu,29 636 €,1 525 €,13 405 €,1 150 €,1 250 €, 0 €,10 219 €,34 035 €
Saarde Katariina Kogudus,vald475,2019,830,8,13,27,0,0,10,97,40,Pärnu,54 874 €,1 760 €, 0 €,3 120 €,6 750 €, 0 €,15 884 €,48 862 €
Saarde Katariina Kogudus,vald476,2020,803,15,4,18,0,0,0,76,64,Pärnu,67 062 €,2 004 €,16 632 €,2 480 €,12 826 €,3 500 €,29 620 €,63 783 €
Saaremaa Jaani Kogudus,vald477,2017,90,15,0,1,0,0,0,0,18,Saarte,1 140 €, 535 €, 352 €, 50 €, 0 €, 200 €, 0 €,5 978 €
Saaremaa Jaani Kogudus,vald478,2018,80,16,0,3,0,0,0,0,18,Saarte,2 370 €, 640 €, 480 €, 50 €,1 000 €, 200 €, 0 €,1 327 €
Saaremaa Jaani Kogudus,vald479,2019,75,18,1,4,0,0,0,0,18,Saarte,2 401 €, 600 €, 520 €, 80 €,1 000 €, 200 €, 0 €,2 134 €
Saaremaa Jaani Kogudus,vald480,2020,75,9,1,1,0,0,0,0,17,Saarte,2 962 €, 875 €, 360 €, 0 €,1 466 €, 200 €, 0 €,1 228 €
Saksa Lunastaja Kogudus,vald481,2017,128,25,6,1,4,0,6,103,39,Tallinna,104 970 €,4 914 €,1 086 €, 0 €, 0 €, 0 €, 860 €,103 148 €
Saksa Lunastaja Kogudus,vald482,2018,138,27,6,0,4,0,16,111,60,Tallinna,101 358 €,6 371 €,1 190 €, 0 €, 0 €, 0 €,91 973 €,37 987 €
Saksa Lunastaja Kogudus,vald483,2019,138,27,2,4,1,0,21,109,60,Tallinna,14 983 €,4 918 €, 225 €, 0 €, 0 €, 0 €,9 563 €,41 920 €
Saksa Lunastaja Kogudus,vald484,2020,138,12,2,4,2,0,9,76,60,Tallinna,27 783 €,6 183 €, 0 €, 0 €,1 375 €, 0 €,19 972 €,39 259 €
Saku Toomase Kogudus,vald485,2017,102,25.6,14,1,1,1,36,55,40,Lääne-Harju,14 987 €,3 358 €,2 721 €, 260 €, 0 €, 0 €, 0 €,16 973 €
Saku Toomase Kogudus,vald486,2018,119,27.5,11,0,0,0,85,80,39,Lääne-Harju,14 257 €,5 531 €,4 069 €, 50 €, 0 €, 0 €, 0 €,10 047 €
Saku Toomase Kogudus,vald487,2019,125,30.7,7,1,1,1,53,70,56,Lääne-Harju,20 412 €,5 439 €,10 535 €, 125 €, 0 €, 0 €,2 078 €,19 598 €
Saku Toomase Kogudus,vald488,2020,131,22,4,2,1,1,20,33,58,Lääne-Harju,21 394 €,6 873 €,4 366 €, 540 €,2 980 €, 0 €,2 000 €,15 081 €
Sangaste Püha Andrease Kogudus,vald489,2017,2150,30,4,16,2,0,10,5,190,Valga,22 037 €,4 194 €,3 507 €, 122 €,1 500 €, 800 €,7 710 €,27 489 €
Sangaste Püha Andrease Kogudus,vald490,2018,2200,32,18,19,0,0,11,0,201,Valga,22 934 €,4 920 €,3 760 €, 315 €,1 500 €,1 050 €,5 509 €,19 288 €
Sangaste Püha Andrease Kogudus,vald491,2019,2200,33,17,14,1,0,8,2,217,Valga,101 315 €,5 972 €,3 666 €, 460 €,4 960 €, 800 €,11 497 €,50 017 €
Sangaste Püha Andrease Kogudus,vald492,2020,2220,22,6,34,0,0,0,4,198,Valga,34 996 €,8 550 €, 245 €, 585 €,10 606 €, 800 €,13 908 €,85 342 €
Saue Pauluse Kogudus,vald493,2019,18,16,0,0,0,0,0,24,18,Lääne-Harju,46 953 €,4 311 €, 592 €, 0 €, 0 €, 0 €,10 696 €,10 620 €
Saue Pauluse Kogudus,vald494,2020,19,11,0,0,0,0,0,12,19,Lääne-Harju,59 083 €,2 710 €, 834 €, 0 €, 620 €, 0 €,40 884 €,25 286 €
Simuna Siimona ja Juuda Kogudus,vald495,2017,2300,17,1,0,1,0,0,49,96,Viru,22 962 €,2 905 €,1 395 €, 265 €,2 000 €, 211 €,5 776 €,25 277 €
Simuna Siimona ja Juuda Kogudus,vald496,2018,1900,24,4,10,1,0,0,47,76,Viru,95 407 €,2 721 €,1 562 €, 595 €,3 050 €,70 642 €,7 857 €,28 543 €
Simuna Siimona ja Juuda Kogudus,vald497,2019,2100,37,0,11,0,0,0,88,83,Viru,46 845 €,3 216 €,2 228 €, 370 €,2 958 €,14 261 €,6 168 €,27 903 €
Simuna Siimona ja Juuda Kogudus,vald498,2020,2100,5,0,14,0,0,0,15,69,Viru,26 977 €,2 971 €,1 247 €, 210 €,11 471 €, 320 €,3 092 €,94 807 €
Sindi Kogudus,vald499,2017,14,5,4,0,0,0,0,15,14,Pärnu,4 300 €, 125 €, 5 €, 170 €, 327 €, 0 €,3 673 €,2 265 €
Sindi Kogudus,vald500,2018,14,5,0,0,0,0,0,12,12,Pärnu,3 687 €, 110 €, 56 €, 0 €, 0 €, 0 €,3 237 €,1 994 €
Sindi Kogudus,vald501,2019,13,4,0,0,0,0,0,12,13,Pärnu,3 272 €, 160 €, 161 €, 0 €, 250 €, 0 €,2 404 €,4 527 €
Sindi Kogudus,vald502,2020,13,6,0,0,0,0,0,9,8,Pärnu,3 808 €, 150 €, 189 €, 0 €, 0 €, 0 €,2 659 €,1 722 €
Soome Püha Peetruse Kogudus,vald503,2017,322,43,2,7,7,1,5,21,102,Tallinna,41 419 €,3 780 €,4 884 €,1 085 €, 0 €, 0 €,31 002 €,31 448 €
Soome Püha Peetruse Kogudus,vald504,2018,200,38,3,1,9,0,9,12,122,Tallinna,45 020 €,3 975 €,3 788 €,1 750 €, 0 €, 0 €,33 904 €,38 592 €
Soome Püha Peetruse Kogudus,vald505,2019,305,45.1,2,5,9,0,9,12,102,Tallinna,41 383 €,3 570 €,4 714 €,1 290 €, 0 €, 0 €,30 830 €,38 313 €
Soome Püha Peetruse Kogudus,vald506,2020,310,20,1,1,3,0,0,10,102,Tallinna,37 616 €,4 085 €, 878 €, 700 €, 0 €, 0 €,31 024 €,30 387 €
Suure-Jaani Johannese Kogudus,vald507,2017,1000,16,7,23,2,0,0,28,152,Viljandi,16 277 €,7 964 €,1 965 €, 910 €, 0 €,1 747 €,2 000 €,16 933 €
Suure-Jaani Johannese Kogudus,vald508,2018,919,20,8,14,2,0,0,0,112,Viljandi,23 774 €,6 896 €,3 268 €,2 910 €, 0 €,4 950 €,3 500 €,30 218 €
Suure-Jaani Johannese Kogudus,vald509,2019,920,17,7,13,1,0,0,0,125,Viljandi,34 742 €,6 006 €,2 236 €,3 540 €,9 819 €,10 813 €,1 000 €,26 591 €
Suure-Jaani Johannese Kogudus,vald510,2020,925,10,6,10,0,0,0,0,125,Viljandi,30 485 €,6 796 €,1 656 €,2 990 €,10 870 €,6 339 €, 350 €,41 102 €
Taagepera Jaani Kogudus,vald511,2017,420,23,3,9,3,3,0,7,103,Viljandi,6 095 €,1 279 €,1 546 €,1 075 €, 800 €, 0 €, 800 €,4 568 €
Taagepera Jaani Kogudus,vald512,2018,420,19,0,2,1,0,0,10,101,Viljandi,6 333 €,1 110 €,1 818 €, 830 €, 700 €, 0 €,1 300 €,5 726 €
Taagepera Jaani Kogudus,vald513,2019,415,22,0,7,0,0,0,20,97,Viljandi,32 179 €,1 449 €,1 494 €, 475 €, 700 €,25 000 €,2 358 €,22 039 €
Taagepera Jaani Kogudus,vald514,2020,415,11,5,2,0,0,0,0,91,Viljandi,8 400 €,1 542 €, 795 €, 680 €,3 360 €, 113 €,1 910 €,7 395 €
Tahkuranna Kogudus,vald515,2017,70,6,0,1,0,0,0,0,26,Pärnu,16 010 €, 445 €, 196 €, 150 €, 0 €, 0 €,15 200 €,10 780 €
Tahkuranna Kogudus,vald516,2018,70,5,0,1,0,0,0,0,18,Pärnu,11 726 €, 335 €, 282 €, 0 €, 0 €, 0 €, 0 €, 978 €
Tahkuranna Kogudus,vald517,2019,70,5,0,1,0,0,0,0,16,Pärnu,1 879 €, 315 €, 167 €, 0 €, 0 €, 0 €,1 183 €,6 217 €
Tahkuranna Kogudus,vald518,2020,70,5,0,0,0,0,0,0,16,Pärnu,1 574 €, 190 €, 127 €, 0 €, 0 €, 0 €, 464 €, 793 €
Tallinna Jaani Kogudus,vald32,2017,12108,350,139,106,19,13,32,32,1559,Tallinna,370 505 €,115 199 €,54 160 €,16 612 €,5 700 €,50 835 €,3 227 €,379 727 €
Tallinna Jaani Kogudus,vald32,2018,12151,340,127,122,20,14,35,49,1534,Tallinna,321 295 €,120 700 €,64 939 €,19 272 €,28 080 €,26 268 €,1 015 €,336 008 €
Tallinna Jaani Kogudus,vald32,2019,12117,280,94,113,18,14,25,64,1576,Tallinna,530 710 €,128 459 €,80 215 €,16 758 €,124 309 €,63 894 €,1 186 €,523 818 €
Tallinna Jaani Kogudus,vald32,2020,12082,200,71,125,16,10,2,26,1547,Tallinna,443 433 €,143 900 €,37 687 €,17 339 €,35 228 €,65 891 €, 0 €,402 493 €
Tallinna Kaarli Kogudus,vald32,2017,13544,179,151,120,21,16,14,70,1817,NA,NA,NA,NA,NA,NA,NA,NA,NA
Tallinna Kaarli Kogudus,vald32,2018,13700,178,124,114,24,17,12,90,1806,NA,NA,NA,NA,NA,NA,NA,NA,NA
Tallinna Kaarli Kogudus,vald32,2019,13919,180,153,122,29,26,19,336,1776,NA,NA,NA,NA,NA,NA,NA,NA,NA
Tallinna Kaarli Kogudus,vald32,2020,14123,88,127,117,19,17,0,38,1725,NA,NA,NA,NA,NA,NA,NA,NA,NA
Tallinna Peeteli Kogudus,vald32,2017,290,19,13,6,1,0,20,164,56,Tallinna,39 471 €,1 792 €,2 717 €, 260 €, 0 €,14 328 €,8 929 €,42 464 €
Tallinna Peeteli Kogudus,vald32,2018,272,18,6,1,0,0,23,69,48,Tallinna,260 666 €,2 191 €,5 224 €, 280 €,213 099 €,4 400 €,11 956 €,261 077 €
Tallinna Peeteli Kogudus,vald32,2019,283,20,1,0,2,0,0,0,61,Tallinna,50 561 €,2 774 €,10 993 €, 400 €, 0 €,24 319 €,8 623 €,38 586 €
Tallinna Peeteli Kogudus,vald32,2020,294,13,4,2,0,0,0,0,61,Tallinna,38 064 €,5 349 €,3 614 €, 175 €,1 725 €,11 800 €,6 325 €,-31 182 €
Tallinna Püha Neitsi Maarja Toomkogudus,vald32,2017,1500,109,50,18,15,11,11,74,382,Tallinna,453 028 €,49 360 €,14 017 €,7 281 €, 0 €,22 748 €,5 655 €,496 533 €
Tallinna Püha Neitsi Maarja Toomkogudus,vald32,2018,1500,102,47,20,12,11,9,270,384,Tallinna,2554 133 €,73 399 €,11 545 €,7 104 €, 0 €,1 159 €,5 470 €,457 716 €
Tallinna Püha Neitsi Maarja Toomkogudus,vald32,2019,1500,106,42,17,6,6,9,293,378,Tallinna,511 432 €,58 416 €,12 699 €,5 265 €, 0 €,3 172 €,5 485 €,495 062 €
Tallinna Püha Neitsi Maarja Toomkogudus,vald32,2020,1500,44,27,13,6,4,11,20,370,Tallinna,224 821 €,67 898 €,11 998 €,4 110 €,33 459 €,21 460 €,5 475 €,404 775 €
Tallinna Püha Vaimu Kogudus,vald32,2017,2686,22,43,11,4,1,5,102,452,Tallinna,99 652 €,34 218 €,16 520 €,2 330 €,6 000 €, 0 €,12 037 €,88 725 €
Tallinna Püha Vaimu Kogudus,vald32,2018,3495,27,35,16,6,6,35,43,361,Tallinna,86 987 €,34 884 €,15 947 €,2 490 €, 0 €, 0 €,12 276 €,89 397 €
Tallinna Püha Vaimu Kogudus,vald32,2019,3512,23,15,16,6,3,5,73,367,Tallinna,97 310 €,31 632 €,16 882 €,4 130 €,23 832 €, 0 €,7 707 €,80 853 €
Tallinna Püha Vaimu Kogudus,vald32,2020,3519,30,29,15,2,2,0,12,331,Tallinna,79 933 €,45 275 €,5 408 €,3 018 €,22 533 €, 0 €,1 095 €,75 211 €
Tamsalu Lunastaja Kogudus,vald539,2017,38,14,0,4,0,0,0,0,25,Viru, 0 €, 0 €, 0 €, 0 €, 0 €, 0 €, 0 €, 0 €
Tamsalu Lunastaja Kogudus,vald540,2018,36,12,3,4,0,0,0,0,18,Viru, 0 €, 0 €, 0 €, 0 €, 0 €, 0 €, 0 €, 0 €
Tamsalu Lunastaja Kogudus,vald541,2019,37,12,0,4,0,0,0,0,18,Viru,1 166 €, 240 €, 406 €, 70 €, 0 €, 0 €, 0 €, 782 €
Tamsalu Lunastaja Kogudus,vald542,2020,34,9,0,3,0,0,0,0,11,Viru,1 515 €, 395 €, 50 €, 0 €, 620 €, 450 €, 0 €,1 863 €
Tapa Jakobi Kogudus,vald543,2017,650,21,1,8,1,0,0,10,90,Järva,20 406 €,2 509 €,2 095 €, 950 €,2 830 €, 420 €,9 958 €,17 798 €
Tapa Jakobi Kogudus,vald544,2018,645,21,8,9,0,0,0,5,89,Järva,16 848 €,2 440 €,3 490 €, 780 €,2 830 €, 420 €,6 738 €,16 507 €
Tapa Jakobi Kogudus,vald545,2019,635,21,3,12,0,0,0,0,92,Järva,21 250 €,2 936 €,4 135 €, 950 €,2 850 €, 420 €,6 459 €,19 734 €
Tapa Jakobi Kogudus,vald546,2020,630,16,7,5,1,0,0,0,70,Järva,21 018 €,2 442 €,5 738 €, 445 €,4 795 €, 420 €,6 278 €,16 277 €
Tartu Ülikooli-Jaani Kogudus,vald547,2017,883,60,21,2,3,3,0,25,201,Tartu,25 070 €,15 491 €,5 533 €,1 106 €, 0 €,2 940 €, 0 €,27 957 €
Tartu Ülikooli-Jaani Kogudus,vald548,2018,900,60,25,1,9,9,0,28,201,Tartu,28 800 €,15 536 €,5 549 €,1 110 €, 0 €,3 824 €, 0 €,32 650 €
Tartu Ülikooli-Jaani Kogudus,vald549,2019,913,60,14,7,3,3,0,17,208,Tartu,32 768 €,19 034 €,6 798 €,1 359 €,1 000 €,3 837 €, 0 €,28 721 €
Tartu Ülikooli-Jaani Kogudus,vald550,2020,929,28,27,4,2,2,0,40,222,Tartu,58 877 €,20 522 €,7 329 €,1 466 €,25 020 €,2 400 €, 0 €,47 499 €
Tartu Maarja Kogudus,vald551,2017,2389,42,7,13,3,3,8,12,220,Tartu,50 214 €,11 697 €,7 084 €,1 370 €, 0 €,8 520 €, 276 €,45 376 €
Tartu Maarja Kogudus,vald552,2018,2371,42,2,9,1,0,5,12,207,Tartu,53 381 €,16 207 €,7 719 €,1 020 €, 0 €,7 655 €, 276 €,44 817 €
Tartu Maarja Kogudus,vald553,2019,2341,32,10,12,1,1,5,8,204,Tartu,79 973 €,15 883 €,7 407 €,1 415 €, 0 €,17 180 €,10 600 €,64 507 €
Tartu Maarja Kogudus,vald554,2020,2355,27,7,12,0,0,0,25,228,Tartu,77 639 €,20 399 €,4 000 €, 610 €,3 950 €,10 000 €,16 546 €,77 164 €
Tartu Pauluse Kogudus,vald555,2017,6200,175,125,194,23,20,25,100,1347,Tartu,446 356 €,83 812 €,68 122 €,27 049 €,150 683 €,17 968 €,3 825 €,399 867 €
Tartu Pauluse Kogudus,vald556,2018,6225,168,89,268,19,18,25,100,1326,Tartu,461 755 €,83 151 €,68 896 €,38 335 €,151 447 €,22 200 €,2 918 €,570 397 €
Tartu Pauluse Kogudus,vald557,2019,6300,169,103,243,15,12,25,100,1336,Tartu,500 859 €,97 590 €,75 595 €,42 016 €,166 319 €,21 917 €,3 402 €,422 347 €
Tartu Pauluse Kogudus,vald558,2020,6500,112,92,218,14,12,15,100,1331,Tartu,492 069 €,99 562 €,67 669 €,35 330 €,178 343 €,22 740 €,2 000 €,543 820 €
Tartu Peetri Kogudus,vald559,2017,8967,115,79,37,15,13,2,29,723,Tartu,149 609 €,43 347 €,28 535 €,4 515 €,18 000 €, 0 €,6 754 €,145 772 €
Tartu Peetri Kogudus,vald560,2018,8910,122,83,47,16,13,0,15,743,Tartu,145 112 €,42 406 €,32 857 €,8 808 €,10 000 €, 0 €,19 553 €,118 194 €
Tartu Peetri Kogudus,vald561,2019,8768,116,80,71,9,6,0,5,716,Tartu,138 147 €,43 968 €,50 513 €,6 998 €,15 200 €, 0 €,4 208 €,137 447 €
Tartu Peetri Kogudus,vald562,2020,8691,71,76,48,6,4,0,7,710,Tartu,135 869 €,45 513 €,32 335 €,6 391 €,47 399 €, 0 €,2 231 €,136 093 €
Tartu Soome Kogudus,vald563,2017,49,21,0,3,0,0,0,0,38,Tartu, 601 €, 190 €, 411 €, 0 €, 0 €, 0 €, 0 €, 629 €
Tartu Soome Kogudus,vald564,2018,48,17,0,2,0,0,0,0,38,Tartu, 638 €, 190 €, 448 €, 0 €, 0 €, 0 €, 0 €, 663 €
Tartu Soome Kogudus,vald565,2019,46,17,0,2,0,0,0,0,31,Tartu, 539 €, 155 €, 384 €, 0 €, 0 €, 0 €, 0 €, 637 €
Tartu Soome Kogudus,vald566,2020,45,13,0,1,0,0,0,0,27,Tartu,1 349 €, 135 €, 359 €, 0 €, 855 €, 0 €, 0 €,1 477 €
Tarvastu Peetri Kogudus,vald567,2017,361,14,0,9,0,0,0,0,83,Viljandi,8 588 €,3 860 €,1 123 €, 495 €, 0 €,2 882 €, 228 €,8 386 €
Tarvastu Peetri Kogudus,vald568,2018,354,14,0,4,0,0,0,0,80,Viljandi,19 466 €,4 399 €,2 100 €, 880 €,1 058 €,3 427 €,1 750 €,13 075 €
Tarvastu Peetri Kogudus,vald569,2019,347,14,1,4,0,0,0,0,78,Viljandi,12 817 €,3 327 €,2 018 €, 435 €,1 111 €,3 075 €,1 235 €,11 588 €
Tarvastu Peetri Kogudus,vald570,2020,317,9,0,5,0,0,0,0,59,Viljandi,14 351 €,3 258 €, 467 €, 355 €,4 871 €,3 137 €,1 632 €,15 266 €
Tori Püha Jüri Kogudus,vald571,2017,104,98,4,12,4,0,0,0,46,Pärnu,37 713 €, 937 €,6 252 €, 600 €, 0 €,11 952 €, 792 €,26 724 €
Tori Püha Jüri Kogudus,vald572,2018,106,93,2,7,1,0,0,0,48,Pärnu,17 452 €,1 217 €,4 544 €, 570 €, 0 €,10 800 €, 0 €,21 410 €
Tori Püha Jüri Kogudus,vald573,2019,400,130,2,7,2,0,0,0,41,Pärnu,117 426 €,1 172 €,4 290 €, 510 €, 250 €,11 200 €, 0 €,51 538 €
Tori Püha Jüri Kogudus,vald574,2020,112,7,2,8,0,0,0,0,38,Pärnu,19 194 €,1 261 €,3 968 €, 575 €,1 035 €,12 106 €, 0 €,107 077 €
Torma Maarja Kogudus,vald575,2017,1000,25,0,13,0,0,0,8,168,Tartu,24 613 €,4 015 €,1 321 €, 650 €, 0 €,4 549 €,8 311 €,18 275 €
Torma Maarja Kogudus,vald576,2018,1000,24,0,14,0,0,0,8,166,Tartu,30 617 €,4 370 €, 389 €, 700 €, 300 €,3 080 €,8 662 €,28 045 €
Torma Maarja Kogudus,vald577,2019,1000,22,1,23,0,0,0,6,154,Tartu,28 826 €,4 127 €,1 096 €, 900 €,3 800 €,2 890 €,10 816 €,24 121 €
Torma Maarja Kogudus,vald578,2020,1000,17,0,9,0,0,0,5,141,Tartu,25 866 €,3 978 €, 208 €, 640 €,8 305 €,3 220 €,5 418 €,24 916 €
Tõstamaa Maarja Kogudus,vald579,2017,94,14,1,2,0,0,0,0,26,Pärnu,3 958 €, 500 €, 841 €, 140 €, 0 €, 0 €,2 191 €,5 918 €
Tõstamaa Maarja Kogudus,vald580,2018,93,19,1,3,0,0,0,0,24,Pärnu,4 642 €, 460 €, 915 €, 95 €, 0 €, 0 €,2 945 €,6 395 €
Tõstamaa Maarja Kogudus,vald581,2019,90,12.7,0,6,0,0,0,0,21,Pärnu,5 531 €, 540 €, 623 €, 450 €, 0 €, 0 €,3 696 €,7 216 €
Tõstamaa Maarja Kogudus,vald582,2020,90,6,0,1,0,0,0,0,21,Pärnu,6 284 €, 580 €, 680 €, 0 €, 0 €, 100 €,3 873 €,7 267 €
Treimani Kogudus,vald583,2017,102,15,0,2,0,0,0,0,33,Pärnu,1 804 €, 640 €, 379 €, 100 €, 0 €, 0 €, 685 €, 912 €
Treimani Kogudus,vald584,2018,102,11,0,1,0,0,0,0,30,Pärnu,1 718 €, 635 €, 215 €, 170 €, 0 €, 0 €, 408 €,1 208 €
Treimani Kogudus,vald585,2019,101,10,0,0,0,0,0,0,27,Pärnu,1 085 €, 530 €, 275 €, 50 €, 0 €, 0 €, 0 €,1 217 €
Treimani Kogudus,vald586,2020,100,9,0,0,0,0,0,0,29,Pärnu,1 901 €, 520 €, 185 €, 40 €, 0 €, 0 €, 131 €,1 272 €
Tudulinna Rahu Kogudus,vald587,2017,125,12,0,1,0,0,0,0,24,Viru,2 968 €, 415 €, 754 €, 0 €, 0 €, 0 €,1 798 €,3 287 €
Tudulinna Rahu Kogudus,vald588,2018,118,11,0,1,0,0,0,0,19,Viru,2 855 €, 400 €, 462 €, 0 €, 0 €, 0 €,1 891 €,2 436 €
Tudulinna Rahu Kogudus,vald589,2019,119,11,0,1,0,0,0,0,17,Viru,5 449 €, 370 €, 552 €, 0 €, 700 €, 0 €,2 253 €,4 056 €
Tudulinna Rahu Kogudus,vald590,2020,110,5,0,0,0,0,0,0,23,Viru,4 482 €, 335 €, 391 €,NA, 800 €,NA,2 954 €,2 596 €
Tuhala Kaarli Kogudus,vald591,2017,225,14,3,0,3,0,5,13,65,Ida-Harju,17 660 €,4 483 €,2 880 €,1 160 €,2 000 €,1 139 €,3 916 €,20 760 €
Tuhala Kaarli Kogudus,vald592,2018,228,11,5,1,1,0,0,0,54,Ida-Harju,26 023 €,7 048 €,2 990 €, 305 €, 0 €, 655 €,3 282 €,23 771 €
Tuhala Kaarli Kogudus,vald593,2019,245,11,7,1,2,0,0,0,65,Ida-Harju,51 162 €,7 026 €,2 509 €,1 020 €, 0 €, 0 €,3 000 €,58 543 €
Tuhala Kaarli Kogudus,vald594,2020,233,6,0,1,1,0,0,0,45,Ida-Harju,66 062 €,5 960 €,2 350 €, 895 €,52 476 €, 749 €,3 000 €,32 454 €
Türi Püha Martini Kogudus,vald595,2017,576,28,2,24,3,0,0,5,237,Järva,72 212 €,9 149 €,5 923 €,1 070 €,41 000 €,1 385 €,2 700 €,72 315 €
Türi Püha Martini Kogudus,vald596,2018,570,36,4,20,1,0,0,10,225,Järva,42 493 €,10 380 €,10 499 €,1 060 €,14 400 €,1 350 €,4 105 €,46 497 €
Türi Püha Martini Kogudus,vald597,2019,565,27,7,24,1,0,0,0,210,Järva,94 321 €,9 217 €,11 666 €,1 755 €,63 372 €, 670 €,3 271 €,89 048 €
Türi Püha Martini Kogudus,vald598,2020,565,13,1,7,0,0,0,0,203,Järva,81 368 €,10 307 €,13 399 €, 660 €,52 035 €, 0 €,2 791 €,74 193 €
Urvaste Püha Urbanuse Kogudus,vald599,2017,1910,24,40,70,8,8,21,9,423,Võru,134 291 €,9 314 €,11 663 €, 536 €,101 890 €,3 253 €,2 952 €,137 871 €
Urvaste Püha Urbanuse Kogudus,vald600,2018,1880,24,34,68,6,5,11,11,408,Võru,163 804 €,10 747 €,18 650 €,1 019 €,118 058 €, 794 €,3 023 €,164 956 €
Urvaste Püha Urbanuse Kogudus,vald601,2019,1800,26,37,90,5,5,8,10,365,Võru,144 621 €,8 424 €,19 962 €,2 908 €,104 100 €, 794 €,2 456 €,146 491 €
Urvaste Püha Urbanuse Kogudus,vald602,2020,1700,22.6,24,71,7,7,15,10,360,Võru,86 145 €,10 598 €,16 840 €,1 490 €,39 052 €,3 633 €,3 621 €,75 010 €
Vahastu Kogudus,vald603,2017,95,3,0,1,0,0,0,0,26,Järva,7 990 €, 510 €, 370 €, 200 €,4 310 €,2 500 €, 0 €,6 066 €
Vahastu Kogudus,vald604,2018,93,3,0,1,0,0,0,0,29,Järva,41 056 €, 505 €, 361 €, 200 €,4 334 €,35 553 €, 0 €,31 342 €
Vahastu Kogudus,vald605,2019,90,3,0,2,0,0,0,0,27,Järva,6 883 €, 475 €, 332 €, 150 €,3 060 €,2 866 €, 0 €,6 796 €
Vahastu Kogudus,vald606,2020,86,3,0,0,0,0,0,0,22,Järva,8 155 €, 430 €, 865 €, 0 €,3 921 €,2 939 €, 0 €,10 062 €
Väike-Maarja Kogudus,vald607,2017,1244,12,1,2,0,0,0,47,22,NA,NA,NA,NA,NA,NA,NA,NA,NA
Väike-Maarja Kogudus,vald608,2018,128,9,0,1,0,0,0,0,18,NA,NA,NA,NA,NA,NA,NA,NA,NA
Väike-Maarja Kogudus,vald609,2019,43,12,2,4,1,0,0,3,23,NA,NA,NA,NA,NA,NA,NA,NA,NA
Väike-Maarja Kogudus,vald610,2020,500,12,0,5,0,0,0,0,28,Viru,16 272 €,1 450 €,3 220 €, 430 €,2 884 €, 916 €, 215 €,14 956 €
Valga Peetri-Luke Kogudus,vald611,2017,680,27,7,69,0,0,0,5,101,Valga,24 958 €,3 925 €,6 149 €,1 370 €,2 000 €,7 648 €, 650 €,23 470 €
Valga Peetri-Luke Kogudus,vald612,2018,340,28,5,64,1,0,0,4,90,Valga,30 308 €,4 684 €,4 214 €, 965 €,2 000 €,4 603 €, 967 €,31 696 €
Valga Peetri-Luke Kogudus,vald613,2019,360,25,13,47,1,0,0,3,104,Valga,37 368 €,5 442 €,3 439 €,1 040 €,13 853 €,4 282 €,1 100 €,41 462 €
Valga Peetri-Luke Kogudus,vald614,2020,370,23,6,40,1,0,2,3,107,Valga,57 006 €,6 061 €,2 779 €, 950 €,25 302 €, 150 €,5 500 €,55 475 €
Valjala Martini Kogudus,vald615,2017,428,16,2,11,1,1,0,100,132,Saarte,92 913 €,2 914 €,7 428 €, 840 €,59 000 €,9 653 €,7 929 €,86 652 €
Valjala Martini Kogudus,vald616,2018,433,16,10,13,2,2,0,98,126,Saarte,107 924 €,6 180 €,1 985 €, 600 €,64 000 €,25 643 €,7 500 €,92 615 €
Valjala Martini Kogudus,vald617,2019,431,15,3,10,2,2,0,30,122,Saarte,77 181 €,6 414 €,1 924 €, 600 €,6 250 €,11 480 €,9 500 €,80 634 €
Valjala Martini Kogudus,vald618,2020,424,9,2,9,0,0,0,0,99,NA,NA,NA,NA,NA,NA,NA,NA,NA
Vändra Martini Kogudus,vald619,2017,146,19,5,0,0,0,0,0,69,NA,NA,NA,NA,NA,NA,NA,NA,NA
Vändra Martini Kogudus,vald620,2018,147,23,9,7,2,0,0,0,73,NA,NA,NA,NA,NA,NA,NA,NA,NA
Vändra Martini Kogudus,vald621,2019,146,20,1,5,0,0,0,0,71,NA,NA,NA,NA,NA,NA,NA,NA,NA
Vändra Martini Kogudus,vald622,2020,139,9,1,7,0,0,0,0,53,Pärnu,30 182 €,2 741 €,19 814 €, 260 €,3 455 €,2 928 €, 0 €,18 859 €
Vara Brigitta Kogudus,vald623,2017,70,18,1,0,1,0,0,0,31,Tartu,1 878 €, 195 €, 738 €, 70 €, 0 €, 0 €, 0 €,1 900 €
Vara Brigitta Kogudus,vald624,2018,64,16,0,3,0,0,0,0,32,Tartu,1 940 €, 204 €, 857 €, 30 €, 0 €, 0 €, 0 €,2 306 €
Vara Brigitta Kogudus,vald625,2019,63,14,0,2,0,0,0,0,30,Tartu,2 388 €, 195 €, 973 €, 0 €, 0 €, 0 €, 0 €,2 050 €
Vara Brigitta Kogudus,vald626,2020,60,6,0,1,0,0,0,0,27,Tartu,11 970 €, 250 €, 249 €, 0 €, 835 €,10 637 €, 0 €,3 559 €
Varbla Püha Urbanuse Kogudus,vald627,2017,200,19,9,4,0,0,0,0,107,Lääne,24 354 €,3 274 €,2 958 €, 455 €, 350 €,14 193 €,3 113 €,22 861 €
Varbla Püha Urbanuse Kogudus,vald628,2018,201,21,2,8,0,0,0,0,106,Lääne,8 652 €,3 345 €,1 452 €, 600 €, 350 €, 0 €, 0 €,14 416 €
Varbla Püha Urbanuse Kogudus,vald629,2019,194,15,0,1,0,0,0,0,100,Lääne,9 835 €,3 177 €,1 868 €, 60 €, 950 €,1 220 €, 0 €,9 056 €
Varbla Püha Urbanuse Kogudus,vald630,2020,191,12,2,3,0,0,0,0,95,Lääne,8 160 €,3 048 €,1 431 €, 435 €,2 490 €, 707 €, 0 €,7 864 €
Vastseliina Katariina Kogudus,vald631,2017,5000,28,12,46,1,1,3,65,480,Võru,39 404 €,16 983 €,3 648 €,2 299 €,10 597 €, 758 €, 0 €,37 007 €
Vastseliina Katariina Kogudus,vald632,2018,5000,27,12,33,3,1,0,0,470,Võru,41 221 €,17 177 €,4 445 €,1 929 €,9 250 €, 565 €, 0 €,37 026 €
Vastseliina Katariina Kogudus,vald633,2019,5000,26,23,30,2,2,50,15,440,Võru,45 700 €,17 683 €,3 548 €,1 378 €,4 660 €, 663 €, 0 €,29 754 €
Vastseliina Katariina Kogudus,vald634,2020,2000,10,7,28,3,1,0,0,371,Võru,39 221 €,17 947 €,2 877 €,2 140 €,12 470 €, 300 €, 0 €,57 128 €
Vigala Maarja Kogudus,vald635,2017,500,28,3,10,0,0,0,7,203,Pärnu,28 072 €,3 230 €,3 538 €, 776 €,3 900 €,3 026 €, 0 €,30 834 €
Vigala Maarja Kogudus,vald636,2018,500,26,2,18,1,0,0,4,197,Pärnu,29 686 €,3 463 €,3 940 €, 992 €,2 900 €,3 637 €,1 122 €,30 326 €
Vigala Maarja Kogudus,vald637,2019,500,29.2,4,19,1,0,0,3,191,Pärnu,34 603 €,3 522 €,4 045 €,1 405 €,2 900 €,4 322 €,1 364 €,33 775 €
Vigala Maarja Kogudus,vald638,2020,300,18,5,15,0,0,0,0,187,Pärnu,35 996 €,3 136 €,4 040 €,1 306 €,16 895 €,6 105 €,NA,32 440 €
Viimsi Püha Jaakobi Kogudus,vald639,2017,765,35,18,13,6,6,10,5,158,Tallinna,111 338 €,18 743 €,7 093 €,1 860 €,4 400 €,4 086 €, 0 €,129 062 €
Viimsi Püha Jaakobi Kogudus,vald640,2018,791,29,22,8,6,6,0,0,159,Tallinna,47 939 €,17 663 €,6 486 €,1 300 €,5 800 €,3 918 €, 0 €,53 108 €
Viimsi Püha Jaakobi Kogudus,vald641,2019,824,31,19,9,8,6,0,0,168,Tallinna,39 092 €,19 167 €,6 741 €,3 604 €,2 000 €,4 007 €, 0 €,39 456 €
Viimsi Püha Jaakobi Kogudus,vald642,2020,166,19,13,14,7,7,0,0,166,Tallinna,43 624 €,22 774 €,5 257 €,4 130 €,10 237 €,1 032 €, 0 €,40 641 €
Viljandi Jaani Kogudus,vald643,2017,1859,42,17,17,6,6,8,40,312,Viljandi,128 684 €,24 641 €,10 283 €,6 088 €,15 400 €,17 200 €,11 945 €,115 268 €
Viljandi Jaani Kogudus,vald644,2018,1877,43,15,27,8,7,12,35,257,Viljandi,144 821 €,26 002 €,9 884 €,8 160 €,19 116 €,17 505 €,12 794 €,131 720 €
Viljandi Jaani Kogudus,vald645,2019,1884,39,11,13,1,1,13,37,286,Viljandi,178 798 €,27 314 €,14 518 €,3 550 €,20 000 €,20 638 €,10 185 €,163 959 €
Viljandi Jaani Kogudus,vald646,2020,1898,30,22,11,2,2,10,12,279,Viljandi,169 173 €,28 549 €,8 567 €,2 870 €,39 779 €,16 037 €,10 631 €,164 114 €
Viljandi Pauluse Kogudus,vald647,2017,884,42,27,21,3,3,0,15,279,Viljandi,139 427 €,15 385 €,7 593 €,4 625 €,14 500 €,31 931 €, 77 €,113 502 €
Viljandi Pauluse Kogudus,vald648,2018,888,40,17,35,3,5,0,10,328,Viljandi,304 946 €,16 118 €,9 001 €,6 290 €,231 300 €,21 115 €,1 385 €,104 667 €
Viljandi Pauluse Kogudus,vald649,2019,891,36,19,40,4,3,0,4,310,Viljandi,437 187 €,16 787 €,8 961 €,6 410 €,15 000 €,30 955 €,1 459 €,379 294 €
Viljandi Pauluse Kogudus,vald650,2020,897,28,22,38,4,4,0,2,286,Viljandi,219 794 €,17 007 €,5 293 €,7 787 €,146 185 €,20 847 €, 350 €,268 410 €
Viru-Jaakobi Kogudus,vald651,2017,435,20,18,4,0,0,20,0,67,Viru,5 946 €,4 546 €, 95 €, 55 €, 0 €, 700 €, 550 €,6 054 €
Viru-Jaakobi Kogudus,vald652,2018,390,16,10,7,1,0,7,0,61,Viru,9 503 €,3 353 €, 75 €, 50 €, 700 €, 650 €,2 675 €,5 412 €
Viru-Jaakobi Kogudus,vald653,2019,300,14,13,4,1,1,0,0,58,Viru,9 847 €,3 870 €, 10 €, 25 €,2 472 €, 700 €,2 770 €,8 620 €
Viru-Jaakobi Kogudus,vald654,2020,200,5,3,9,0,0,0,0,55,NA,NA,NA,NA,NA,NA,NA,NA,NA
Viru-Nigula Kogudus,vald655,2017,50,10,0,2,0,0,0,0,50,Viru,56 888 €,1 966 €,3 833 €, 305 €,1 320 €, 175 €, 0 €,63 806 €
Viru-Nigula Kogudus,vald656,2018,49,7,3,7,0,0,0,0,30,Viru,7 051 €,2 055 €,2 188 €, 860 €,1 120 €, 331 €, 255 €,4 764 €
Viru-Nigula Kogudus,vald657,2019,46,6,0,7,0,0,0,0,29,Viru,6 487 €, 987 €,2 200 €, 360 €,1 500 €,1 416 €, 0 €,4 898 €
Viru-Nigula Kogudus,vald658,2020,500,12,2,3,1,0,0,0,41,Viru,5 896 €,2 045 €,2 807 €, 280 €, 320 €, 175 €, 0 €,4 763 €
Võnnu Jakobi Kogudus,vald659,2017,511,21.75,2,26,0,0,0,4,134,Tartu,14 431 €,2 827 €,3 218 €, 205 €,4 150 €,2 038 €, 0 €,13 764 €
Võnnu Jakobi Kogudus,vald660,2018,517,22.4,18,16,1,1,0,0,138,NA,NA,NA,NA,NA,NA,NA,NA,NA
Võnnu Jakobi Kogudus,vald661,2019,508,20,3,15,2,1,0,0,125,NA,NA,NA,NA,NA,NA,NA,NA,NA
Võnnu Jakobi Kogudus,vald662,2020,510,6,3,12,2,2,2,0,85,Tartu,24 876 €,2 320 €, 889 €, 350 €,12 400 €,3 057 €, 0 €,20 851 €
Vormsi Püha Olavi Kogudus,vald663,2017,70,16,2,3,1,0,0,10,20,Lääne,31 201 €,1 185 €,1 174 €, 500 €,1 060 €,11 806 €,15 289 €,32 311 €
Vormsi Püha Olavi Kogudus,vald664,2018,70,18,3,1,2,0,0,10,20,Lääne,23 859 €,2 280 €,1 513 €, 800 €, 786 €,10 845 €,5 871 €,33 952 €
Vormsi Püha Olavi Kogudus,vald665,2019,70,20,2,2,0,0,0,7,20,NA,NA,NA,NA,NA,NA,NA,NA,NA
Vormsi Püha Olavi Kogudus,vald666,2020,50,10,1,5,1,0,0,4,20,Lääne,14 878 €,1 920 €,1 809 €, 450 €,1 736 €,5 103 €,3 860 €,24 906 €
Võru Katariina Kogudus,vald667,2017,587,28,18,5,0,0,0,0,163,NA,NA,NA,NA,NA,NA,NA,NA,NA
Võru Katariina Kogudus,vald668,2018,595,25,12,6,1,0,0,17,147,NA,NA,NA,NA,NA,NA,NA,NA,NA
Võru Katariina Kogudus,vald669,2019,585,26,7,9,1,0,0,14,133,NA,NA,NA,NA,NA,NA,NA,NA,NA
Võru Katariina Kogudus,vald670,2020,576,23,7,2,1,0,0,5,118,Võru,27 176 €,7 912 €,3 177 €, 135 €,9 097 €,1 930 €,4 110 €,21 795 €