kogudus,asukoht_nimi,asukoht,praostkond,aasta,liikmeid_kokku,keskmiselt_vottis_jumala_teenistustest_osa,ristiti,maeti,laulatati,abielu_registreeriti,noorte_toos_osales,lastetoos_osales,annetaja_liikmeid_oli_kokku,tulud_kokku,liikmeannetused,korjandused,ametitalitused,avaliku_sektori_toetused_kokku,tulu_kinnisvarast,valisannetused_ja_toetused_kokku,kulud_kokku
Aegviidu Aleksandri Kogudus,Anija vald,vald39,Järva,2017, 135, 19, 1, 4, 0, 0, 0, 10, 42,10 358 €,1 820, 312, 80, 690, 0,7 456,10 473 €
Aegviidu Aleksandri Kogudus,Anija vald,vald39,Järva,2018, 125, 21, 2, 7, 1, 0, 0, 6, 44,8 651 €,1 825, 581, 270, 700, 0,4 825,9 845 €
Aegviidu Aleksandri Kogudus,Anija vald,vald39,Järva,2019, 116, 19, 2, 9, 0, 0, 0, 5, 41,5 588 €,1 750, 408, 180, 700, 0,1 750,9 821 €
Aegviidu Aleksandri Kogudus,Anija vald,vald39,Järva,2020, 131, 12, 1, 1, 0, 0, 0, 0, 38,7 090 €,2 045, 490, 120,1 735, 0,2 400,7 356 €
Äksi Andrease Kogudus,Tartu vald,vald70,Tartu,2017, 250, 18, 13, 8, 1, 0, 0, 70, 50,33 598 €,2 901,2 556,1 015,5 674,4 556,16 704,31 039 €
Äksi Andrease Kogudus,Tartu vald,vald70,Tartu,2018, 350, 19, 2, 6, 0, 0, 0, 18, 42,50 181 €,4 464,1 801, 410,5 639,18 442,18 758,41 343 €
Äksi Andrease Kogudus,Tartu vald,vald70,Tartu,2019, 300, 19, 1, 9, 0, 0, 0, 20, 37,47 370 €,3 769,1 583, 450,6 599,14 681,19 508,57 368 €
Äksi Andrease Kogudus,Tartu vald,vald70,Tartu,2020, 300, 14, 14, 11, 1, 0, 2, 12, 51,56 798 €,5 205,1 290, 900,18 572,8 410,21 458,55 362 €
Alatskivi Kogudus,Peipsiääre vald,vald76,Tartu,2017, 300, 8, 0, 7, 0, 0, 0, 0, 30,4 333 €,1 772, 931, 510, 500, 421, 0,4 440 €
Alatskivi Kogudus,Peipsiääre vald,vald76,Tartu,2018, 300, 7, 0, 6, 0, 0, 0, 0, 33,5 210 €,2 131,1 195, 430, 800, 454, 0,4 803 €
Alatskivi Kogudus,Peipsiääre vald,vald76,Tartu,2019, 300, 7, 0, 6, 0, 0, 0, 0, 31,8 523 €,2 362,1 528, 420,1 800,2 164, 0,7 788 €
Alatskivi Kogudus,Peipsiääre vald,vald76,Tartu,2020, 300, 5, 0, 6, 0, 0, 0, 0, 27,7 080 €,2 250, 985, 395,2 055,1 145, 0,6 229 €
Ambla Maarja Kogudus,Järva vald,vald24,Järva,2017, 740, 20, 2, 17, 1, 1, 0, 6, 179,34 155 €,6 178, 70, 743,13 984,6 075,4 518,31 698 €
Ambla Maarja Kogudus,Järva vald,vald24,Järva,2018, 700, 19, 4, 24, 1, 0, 0, 6, 165,37 033 €,7 885, 100, 950,13 476,5 554,2 364,42 523 €
Ambla Maarja Kogudus,Järva vald,vald24,Järva,2019, 690, 18, 9, 15, 1, 0, 0, 5, 168,35 296 €,9 176, 981, 920,11 550,5 972,1 294,34 838 €
Ambla Maarja Kogudus,Järva vald,vald24,Järva,2020, 670, 14, 2, 13, 1, 0, 0, 0, 157,50 909 €,8 718, 339,1 527,20 903,6 475,1 386,47 178 €
Anna Kogudus,Paide linn,vald23,Järva,2017, 150, 19, 1, 3, 0, 0, 0, 0, 45,38 236 €,3 210, 716, 20,8 678,2 346, 0,71 877 €
Anna Kogudus,Paide linn,vald23,Järva,2018, 150, 13, 0, 8, 0, 0, 0, 0, 51,18 250 €,3 836,1 214, 730,10 728, 215, 0,15 834 €
Anna Kogudus,Paide linn,vald23,Järva,2019, 100, 20, 8, 4, 0, 0, 0, 0, 59,27 962 €,4 384, 958, 210,16 581,4 250, 0,25 646 €
Anna Kogudus,Paide linn,vald23,Järva,2020, 150, 10, 0, 3, 0, 0, 0, 0, 50,27 264 €,4 834, 341, 100,17 300,3 768, 0,18 156 €
Anseküla Maarja Kogudus,Saaremaa vald,vald56,Saarte,2017, 124, 8, 1, 1, 0, 0, 0, 0, 22,2 547 €, 946, 425, 206, 100, 440, 0,4 078 €
Anseküla Maarja Kogudus,Saaremaa vald,vald56,Saarte,2018, 131, 12, 3, 2, 0, 0, 0, 0, 33,3 687 €,1 198, 408, 275,1 000, 120, 0,4 123 €
Anseküla Maarja Kogudus,Saaremaa vald,vald56,Saarte,2019, 131, 15, 2, 1, 0, 0, 0, 0, 25,12 536 €,1 216,1 010, 442,1 000,1 021,2 874,4 994 €
Anseküla Maarja Kogudus,Saaremaa vald,vald56,Saarte,2020, 131, 10, 2, 2, 0, 0, 0, 0, 24,4 497 €, 918, 390, 283,1 596, 800, 0,8 930 €
Audru Püha Risti Kogudus,Pärnu linn,vald57,Pärnu,2017, 237, 19, 6, 11, 1, 1, 0, 18, 70,9 869 €,4 113,1 717,1 020, 0,1 161,1 680,10 939 €
Audru Püha Risti Kogudus,Pärnu linn,vald57,Pärnu,2018, 256, 24, 17, 10, 2, 2, 0, 0, 65,15 374 €,3 875,2 001,1 045, 0,2 000,4 656,13 941 €
Audru Püha Risti Kogudus,Pärnu linn,vald57,Pärnu,2019, 260, 19, 5, 3, 0, 0, 0, 0, 56,18 254 €,3 595,1 763, 260,7 176,2 000,3 059,17 691 €
Audru Püha Risti Kogudus,Pärnu linn,vald57,Pärnu,2020, 250, 10, 0, 7, 2, 0, 0, 0, 52,101 839 €,3 380,1 519, 955,87 977,2 628,3 151,109 618 €
Avinurme Kogudus,Mustvee vald,vald66,Tartu,2017, 390, 24, 5, 13, 1, 0, 0, 0, 173,27 638 €,3 835,1 341, 720,2 000, 0,17 219,31 792 €
Avinurme Kogudus,Mustvee vald,vald66,Tartu,2018, 380, 23, 7, 22, 0, 0, 0, 0, 168,35 539 €,4 306,5 067, 585,7 000, 0,16 044,39 082 €
Avinurme Kogudus,Mustvee vald,vald66,Tartu,2019, 370, 19, 0, 10, 1, 0, 0, 0, 171,31 858 €,4 345,5 099, 398, 0, 0,21 736,31 124 €
Avinurme Kogudus,Mustvee vald,vald66,Tartu,2020, 400, 12, 0, 12, 0, 0, 0, 0, 110,29 061 €,3 590,7 222, 572, 300, 0,12 457,33 129 €
Elva Kogudus,Elva vald,vald14,Valga,2017, 182, 15, 3, 19, 2, 1, 0, 22, 71,7 608 €,3 323,2 185,1 400, 0, 0, 600,6 181 €
Elva Kogudus,Elva vald,vald14,Valga,2018, 179, 15, 2, 13, 0, 0, 0, 12, 61,8 347 €,3 179,2 528,1 250, 0, 0,1 208,7 617 €
Elva Kogudus,Elva vald,vald14,Valga,2019, 166, 14, 3, 13, 0, 0, 0, 11, 60,7 992 €,3 568,2 187, 975, 0, 43,1 100,7 862 €
Elva Kogudus,Elva vald,vald14,Valga,2020, 160, 14, 3, 12, 0, 0, 0, 8, 57,12 353 €,3 678,2 437,1 270, 800,2 000, 935,11 147 €
Emmaste Immanueli Kogudus,Hiiumaa vald,vald46,Saarte,2017, 150, 16, 0, 8, 0, 0, 0, 13, 37,4 882 €,1 537, 948,1 188, 0, 0, 199,5 866 €
Emmaste Immanueli Kogudus,Hiiumaa vald,vald46,Saarte,2018, 150, 15, 1, 5, 0, 0, 0, 13, 35,9 212 €,1 513, 583, 540,5 000, 0, 546,4 719 €
Emmaste Immanueli Kogudus,Hiiumaa vald,vald46,Saarte,2019, 150, 12, 0, 6, 0, 0, 0, 28, 38,5 761 €,2 034,1 501, 830, 500, 0, 592,11 113 €
Emmaste Immanueli Kogudus,Hiiumaa vald,vald46,Saarte,2020, 150, 10, 2, 5, 1, 1, 0, 8, 34,5 454 €,1 663, 310,1 120,2 060, 0, 180,5 124 €
Häädemeeste Miikaeli Kogudus,Häädemeeste vald,vald11,Pärnu,2017, 308, 8, 5, 5, 1, 0, 0, 0, 69,8 394 €,3 359,1 258, 160,1 000,1 057, 666,12 930 €
Häädemeeste Miikaeli Kogudus,Häädemeeste vald,vald11,Pärnu,2018, 304, 8, 1, 5, 1, 0, 0, 0, 68,29 975 €,3 184, 968, 300, 100,1 040,23 265,13 005 €
Häädemeeste Miikaeli Kogudus,Häädemeeste vald,vald11,Pärnu,2019, 299, 7, 1, 5, 1, 0, 0, 0, 67,6 610 €,3 022, 928, 290, 0,1 144, 99,13 437 €
Häädemeeste Miikaeli Kogudus,Häädemeeste vald,vald11,Pärnu,2020, 300, 4, 0, 8, 0, 0, 0, 0, 46,11 083 €,2 920, 339, 190,5 304,1 990, 170,9 352 €
Haapsalu Püha Johannese Kogudus,Haapsalu linn,vald53,Lääne,2017,2 600, 60, 20, 11, 4, 3, 8, 25, 240,49 721 €,18 349,7 962,3 398,1 200,1 870,1 940,50 512 €
Haapsalu Püha Johannese Kogudus,Haapsalu linn,vald53,Lääne,2018,2 500, 55, 8, 13, 6, 4, 8, 20, 230,49 830 €,17 935,9 292,3 894,2 440,2 205,1 924,49 789 €
Haapsalu Püha Johannese Kogudus,Haapsalu linn,vald53,Lääne,2019,2 500, 55, 27, 19, 3, 2, 8, 20, 210,72 514 €,19 321,16 026,5 987,20 550,2 989,1 500,69 199 €
Haapsalu Püha Johannese Kogudus,Haapsalu linn,vald53,Lääne,2020,2 600, 40, 10, 19, 1, 1, 3, 18, 195,103 415 €,21 958,15 340,4 228,1 934,39 367,1 390,75 237 €
Hageri Lambertuse Kogudus,Kohila vald,vald30,Lääne-Harju,2017,2 819, 60, 28, 36, 9, 8, 0, 18, 520,98 606 €,27 240,11 926,5 855,13 900,7 817,15 611,90 365 €
Hageri Lambertuse Kogudus,Kohila vald,vald30,Lääne-Harju,2018,2 833, 70, 25, 42, 6, 6, 0, 25, 492,120 499 €,27 884,12 025,5 262,32 720,16 957,13 693,87 343 €
Hageri Lambertuse Kogudus,Kohila vald,vald30,Lääne-Harju,2019,2 846, 70, 14, 36, 8, 4, 15, 25, 488,181 581 €,27 260,12 919,4 663,100 339,13 836,10 481,231 560 €
Hageri Lambertuse Kogudus,Kohila vald,vald30,Lääne-Harju,2020,2 854, 40, 19, 30, 1, 0, 12, 23, 488,128 877 €,27 548,12 049,5 111,40 898,8 165,7 954,116 228 €
Haljala Püha Mauritiuse Kogudus,Haljala vald,vald8,Viru,2017, 300, 9, 4, 6, 0, 0, 0, 11, 71,54 263 €,5 062, 232, 0,1 000,1 000,15 630,37 222 €
Haljala Püha Mauritiuse Kogudus,Haljala vald,vald8,Viru,2018, 300, 8, 1, 4, 0, 0, 12, 35, 69,86 447 €,2 962, 472, 0,3 300, 836,73 260,104 199 €
Haljala Püha Mauritiuse Kogudus,Haljala vald,vald8,Viru,2019, 300, 11, 4, 1, 0, 0, 0, 0, 30,96 201 €,3 226,2 152, 600,35 768,1 200,50 600,95 042 €
Haljala Püha Mauritiuse Kogudus,Haljala vald,vald8,Viru,2020, 300, 11, 15, 2, 2, 2, 0, 0, 31,297 445 €,3 843,3 110,1 140,100 107,1 200,174 469,241 796 €
Halliste Püha Anna Kogudus,Mulgi vald,vald20,Viljandi,2017, 335, 19, 2, 3, 4, 4, 0, 0, 52,16 176 €,3 389,4 046, 850, 200,1 736,5 953,8 656 €
Halliste Püha Anna Kogudus,Mulgi vald,vald20,Viljandi,2018, 331, 18, 2, 5, 1, 1, 0, 0, 48,15 958 €,3 759,1 653, 700,4 090,1 666,3 750,11 995 €
Halliste Püha Anna Kogudus,Mulgi vald,vald20,Viljandi,2019, 325, 16, 0, 0, 2, 2, 0, 0, 44,15 958 €,3 759,1 653, 700,4 090,1 666,3 750,11 995 €
Halliste Püha Anna Kogudus,Mulgi vald,vald20,Viljandi,2020, 320, 6, 0, 1, 1, 1, 0, 0, 44,16 555 €,3 958,1 324, 300,2 000,1 666,4 295,22 981 €
Hanila Pauluse Kogudus,Lääneranna vald,vald48,Lääne,2017, 90, 7, 0, 2, 0, 0, 0, 0, 20,4 373 €, 962, 100, 105, 0,3 026, 0,4 871 €
Hanila Pauluse Kogudus,Lääneranna vald,vald48,Lääne,2018, 90, 9, 0, 0, 0, 0, 0, 0, 16,10 082 €,1 152, 55, 0, 0,3 673, 0,10 760 €
Hanila Pauluse Kogudus,Lääneranna vald,vald48,Lääne,2019, 90, 8, 0, 0, 0, 0, 0, 0, 14,13 100 €, 718, 0, 0, 500,11 504, 0,3 838 €
Hanila Pauluse Kogudus,Lääneranna vald,vald48,Lääne,2020, 90, 6, 0, 6, 0, 0, 0, 0, 18,4 302 €,1 169, 0, 600, 0,1 683, 0,3 542 €
Hargla Kogudus,Valga vald,vald2,Valga,2017, 230, 11, 0, 17, 0, 1, 18, 0, 48,55 877 €,1 450,1 181, 0,28 000,21 577, 300,39 295 €
Hargla Kogudus,Valga vald,vald2,Valga,2018, 230, 9, 0, 7, 0, 0, 15, 1, 49,22 511 €,1 470, 596, 0,4 939, 767, 600,22 052 €
Hargla Kogudus,Valga vald,vald2,Valga,2019, 230, 9, 1, 9, 0, 0, 9, 0, 52,19 699 €,1 645,1 743, 0,13 400, 844, 656,20 531 €
Hargla Kogudus,Valga vald,vald2,Valga,2020, 200, 7, 2, 3, 0, 0, 0, 0, 38,19 191 €,1 605, 814, 0,14 343, 844, 500,11 804 €
Harju-Jaani Ristija Johannese Kogudus,Raasiku vald,vald37,Ida-Harju,2017,1 600, 14, 4, 21, 1, 0, 0, 5, 130,20 774 €,8 407,6 021,1 184,2 890,2 042, 0,21 367 €
Harju-Jaani Ristija Johannese Kogudus,Raasiku vald,vald37,Ida-Harju,2018,1 580, 15, 5, 24, 1, 1, 0, 5, 121,33 332 €,10 069,1 566, 725,6 100,2 101, 0,19 033 €
Harju-Jaani Ristija Johannese Kogudus,Raasiku vald,vald37,Ida-Harju,2019,1 378, 19, 3, 32, 1, 1, 0, 3, 116,26 557 €,13 735,4 300,1 880,3 550, 50, 0,17 480 €
Harju-Jaani Ristija Johannese Kogudus,Raasiku vald,vald37,Ida-Harju,2020,1 500, 16, 5, 11, 0, 0, 0, 0, 106,24 326 €,10 893,3 945, 740, 0,4 879, 0,18 675 €
Harju-Madise Kogudus,Lääne-Harju vald,vald55,Lääne-Harju,2017, 572, 21, 9, 10, 4, 4, 0, 0, 184,32 323 €,7 143,4 723,1 370,9 000, 328,5 940,24 273 €
Harju-Madise Kogudus,Lääne-Harju vald,vald55,Lääne-Harju,2018, 573, 19, 2, 5, 6, 5, 0, 0, 149,19 160 €,5 858,4 159,1 315, 0, 0,6 736,23 452 €
Harju-Madise Kogudus,Lääne-Harju vald,vald55,Lääne-Harju,2019, 579, 19, 11, 8, 1, 0, 0, 3, 175,21 882 €,7 267,2 973, 710, 0,1 712,6 114,23 118 €
Harju-Madise Kogudus,Lääne-Harju vald,vald55,Lääne-Harju,2020, 593, 7, 11, 3, 0, 0, 1, 3, 181,33 487 €,7 882,2 242, 390,3 430,3 946,9 494,46 307 €
Harkujärve Kogudus,Harku vald,vald34,Tallinna,2018, 42, 17, 8, 0, 0, 0, 0, 60, 20,3 106 €,1 146,1 060, 100, 0, 0, 0, 294 €
Harkujärve Kogudus,Harku vald,vald34,Tallinna,2019, 48, 16, 2, 3, 4, 0, 0, 40, 26,8 888 €,1 961,2 243, 150, 0, 0, 210,4 161 €
Harkujärve Kogudus,Harku vald,vald34,Tallinna,2020, 54, 18, 4, 5, 2, 0, 0, 20, 40,19 933 €,4 734,2 264, 420,2 494,1 530,1 090,-12 440 €
Helme Maarja Kogudus,Tõrva vald,vald1,Viljandi,2017,4 350, 27, 6, 55, 1, 1, 6, 100, 401,31 612 €,7 792,6 720,3 880, 568,4 458,3 014,29 147 €
Helme Maarja Kogudus,Tõrva vald,vald1,Viljandi,2018,4 330, 24, 15, 47, 0, 0, 8, 110, 365,32 826 €,7 283,8 192,4 150,4 409,4 336,3 252,34 580 €
Helme Maarja Kogudus,Tõrva vald,vald1,Viljandi,2019,4 320, 25, 11, 52, 1, 0, 83, 115, 345,35 029 €,6 152,6 484,4 610,9 930,5 318,1 685,33 781 €
Helme Maarja Kogudus,Tõrva vald,vald1,Viljandi,2020,4 300, 10, 2, 54, 1, 1, 0, 6, 330,40 791 €,7 167,5 782,4 625,14 830,4 361,3 293,38 711 €
Iisaku Kogudus,Alutaguse vald,vald74,Viru,2017, 530, 26, 2, 8, 4, 0, 0, 0, 110,100 977 €,3 927,1 760, 135,61 000,3 200, 295,86 095 €
Iisaku Kogudus,Alutaguse vald,vald74,Viru,2018, 520, 32, 3, 13, 1, 0, 0, 0, 100,97 946 €,3 630,2 176, 0,60 864, 780,1 330,96 430 €
Iisaku Kogudus,Alutaguse vald,vald74,Viru,2019, 520, 27, 3, 8, 1, 0, 0, 0, 102,14 187 €,4 400,4 788, 0,1 000, 780, 320,10 262 €
Iisaku Kogudus,Alutaguse vald,vald74,Viru,2020, 510, 15, 2, 8, 1, 0, 0, 0, 96,11 831 €,4 600,2 546,-,1 000,3 266, 315,14 477 €
Illuka Kogudus,Alutaguse vald,vald74,Viru,2017, 200, 15, 1, 5, 0, 0, 0, 0, 42,6 087 €, 755,1 352, 0,3 750, 0, 230,7 904 €
Illuka Kogudus,Alutaguse vald,vald74,Viru,2018, 120, 10, 0, 5, 0, 0, 0, 0, 42,2 092 €,1 020, 832, 0, 0, 0, 240,1 942 €
Illuka Kogudus,Alutaguse vald,vald74,Viru,2019, 120, 12, 0, 2, 0, 0, 0, 0, 38,2 886 €,1 045, 584, 0,1 000, 0, 257,2 738 €
Illuka Kogudus,Alutaguse vald,vald74,Viru,2020, 120, 7, 1, 6, 0, 0, 0, 0, 35,2 865 €,1 040, 570, 0,1 000, 0, 0,2 646 €
Ilumäe Kogudus,Haljala vald,vald8,Viru,2017, 59, 12, 2, 5, 2, 0, 0, 0, 27,18 357 €,2 604, 826, 370,4 400, 0, 220,11 707 €
Ilumäe Kogudus,Haljala vald,vald8,Viru,2018, 58, 11, 0, 2, 0, 0, 0, 0, 28,27 703 €,2 630,1 526, 250,8 400, 0, 225,28 103 €
Ilumäe Kogudus,Haljala vald,vald8,Viru,2019, 90, 16, 1, 4, 0, 0, 0, 0, 30,17 356 €,2 635,1 533, 0,10 291, 0, 500,15 007 €
Ilumäe Kogudus,Haljala vald,vald8,Viru,2020, 60, 12, 1, 0, 1, 0, 0, 0, 25,29 114 €,2 900, 276, 500,19 188, 105,1 175,25 810 €
Jämaja Kolmainu Kogudus,Saaremaa vald,vald56,Saarte,2017, 312, 25, 7, 8, 1, 1, 13, 24, 136,7 132 €,2 675, 716, 920, 0, 900,1 051,7 436 €
Jämaja Kolmainu Kogudus,Saaremaa vald,vald56,Saarte,2018, 314, 21, 4, 2, 1, 0, 0, 10, 134,21 931 €,2 675, 711, 662,6 200, 830,5 703,17 008 €
Jämaja Kolmainu Kogudus,Saaremaa vald,vald56,Saarte,2019, 316, 22, 9, 6, 0, 0, 0, 12, 120,18 875 €,2 745,1 177, 906,2 980, 880,4 082,13 973 €
Jämaja Kolmainu Kogudus,Saaremaa vald,vald56,Saarte,2020, 313, 13, 1, 4, 2, 0, 0, 0, 115,14 615 €,2 970, 959, 991,6 655, 830,1 502,14 331 €
Järva-Jaani Ristija Johannese Kogudus,Järva vald,vald24,Järva,2017, 462, 27, 6, 16, 0, 0, 27, 10, 161,113 388 €,6 332,3 814,2 855,3 100,12 264,4 879,112 901 €
Järva-Jaani Ristija Johannese Kogudus,Järva vald,vald24,Järva,2018, 456, 25, 10, 16, 1, 1, 30, 13, 157,76 028 €,6 096,3 717,2 790,3 100,12 394,6 850,77 339 €
Järva-Jaani Ristija Johannese Kogudus,Järva vald,vald24,Järva,2019, 447, 26, 5, 14, 3, 2, 25, 10, 159,71 561 €,6 800,4 488,3 484,7 822,11 394,7 073,70 921 €
Järva-Jaani Ristija Johannese Kogudus,Järva vald,vald24,Järva,2020, 449, 11, 16, 14, 0, 0, 11, 8, 159,79 316 €,6 818,5 138,3 340,33 597,12 685,7 380,70 666 €
Järvakandi Pauluse Kogudus,Kehtna vald,vald63,Lääne-Harju,2017, 80, 22, 0, 5, 0, 0, 0, 0, 29,6 952 €,1 150, 961, 220, 200, 0,3 776,10 245 €
Järvakandi Pauluse Kogudus,Kehtna vald,vald63,Lääne-Harju,2018, 80, 22, 0, 3, 0, 0, 0, 0, 28,5 826 €,1 330, 851, 100, 150, 0,3 040,5 276 €
Järvakandi Pauluse Kogudus,Kehtna vald,vald63,Lääne-Harju,2019, 78, 24, 0, 2, 0, 0, 0, 0, 28,10 917 €,1 235,1 026, 500, 150, 0,3 396,9 341 €
Järvakandi Pauluse Kogudus,Kehtna vald,vald63,Lääne-Harju,2020, 78, 16, 0, 3, 0, 0, 0, 0, 29,7 999 €, 908,1 181, 190, 820, 0,4 000,7 927 €
Järva-Madise Püha Matteuse Kogudus,Järva vald,vald24,Järva,2017, 170, 26, 4, 14, 0, 0, 0, 0, 106,29 179 €,3 522,1 670,1 570,8 827,5 644, 88,27 514 €
Järva-Madise Püha Matteuse Kogudus,Järva vald,vald24,Järva,2018, 170, 26, 4, 19, 0, 0, 0, 0, 107,31 420 €,2 982, 825,3 585,12 200, 0, 400,30 850 €
Järva-Madise Püha Matteuse Kogudus,Järva vald,vald24,Järva,2019, 105, 13, 0, 19, 0, 0, 0, 0, 47,25 981 €,2 284, 951,2 620,11 000,7 544, 145,27 484 €
Järva-Madise Püha Matteuse Kogudus,Järva vald,vald24,Järva,2020, 200, 12, 2, 9, 1, 0, 0, 0, 56,22 717 €,2 714,1 240, 510,11 000,6 062, 0,18 660 €
Järva-Peetri Püha Peetruse Kogudus,Järva vald,vald24,Järva,2017, 170, 16, 0, 9, 0, 0, 0, 2, 43,16 110 €,3 066, 735, 280,1 300, 50, 0,21 238 €
Järva-Peetri Püha Peetruse Kogudus,Järva vald,vald24,Järva,2018, 170, 16, 0, 9, 0, 0, 0, 3, 47,39 722 €,3 629,1 113, 320,17 800, 40, 0,37 829 €
Järva-Peetri Püha Peetruse Kogudus,Järva vald,vald24,Järva,2019, 170, 16, 2, 5, 0, 0, 0, 0, 41,23 967 €,3 045, 674, 390,6 700, 0, 0,24 651 €
Järva-Peetri Püha Peetruse Kogudus,Järva vald,vald24,Järva,2020, 170, 7, 0, 4, 0, 0, 0, 0, 45,71 050 €,3 366, 490, 280,49 958, 0, 0,57 895 €
Jõelähtme Püha Neitsi Maarja Kogudus,Jõelähtme vald,vald44,Ida-Harju,2017, 800, 20, 6, 17, 1, 0, 0, 0, 119,126 583 €,8 922,13 505,2 830,12 975,3 087, 176,135 440 €
Jõelähtme Püha Neitsi Maarja Kogudus,Jõelähtme vald,vald44,Ida-Harju,2018, 800, 18, 5, 37, 1, 1, 0, 0, 115,114 562 €,9 295,9 609,2 897,10 000,3 325, 268,88 835 €
Jõelähtme Püha Neitsi Maarja Kogudus,Jõelähtme vald,vald44,Ida-Harju,2019, 800, 17, 9, 21, 2, 1, 0, 0, 121,40 708 €,9 904,11 288,4 128,10 000,3 065, 318,41 739 €
Jõelähtme Püha Neitsi Maarja Kogudus,Jõelähtme vald,vald44,Ida-Harju,2020, 800, 8, 7, 14, 1, 1, 0, 0, 120,40 167 €,12 408,1 705,1 274,12 465,2 920, 271,71 337 €
Jõgeva Kogudus,Jõgeva vald,vald68,Tartu,2017, 300, 25, 1, 2, 0, 0, 0, 0, 38,13 566 €,2 070, 954, 118, 250, 140,1 687,8 827 €
Jõgeva Kogudus,Jõgeva vald,vald68,Tartu,2018, 300, 22, 0, 2, 0, 0, 0, 0, 35,3 893 €,2 060, 420, 200, 0, 150,1 063,8 230 €
Jõgeva Kogudus,Jõgeva vald,vald68,Tartu,2019, 44, 27, 3, 3, 0, 0, 0, 0, 44,19 745 €,4 705,1 230, 40,4 160, 250,4 425,17 983 €
Jõgeva Kogudus,Jõgeva vald,vald68,Tartu,2020, 170, 24, 1, 0, 0, 0, 0, 0, 55,23 858 €,4 605,3 290, 70,12 085, 550, 868,19 941 €
Jõhvi Mihkli Kogudus,Jõhvi vald,vald75,Viru,2017,2 100, 18, 26, 18, 4, 5, 0, 30, 205,139 835 €,10 539,2 854,1 594, 450,75 557,1 134,140 438 €
Jõhvi Mihkli Kogudus,Jõhvi vald,vald75,Viru,2018,2 090, 17, 7, 23, 1, 1, 0, 64, 201,122 943 €,11 487,2 610,2 230, 450,84 906,1 063,123 791 €
Jõhvi Mihkli Kogudus,Jõhvi vald,vald75,Viru,2019,2 070, 21, 11, 23, 1, 1, 0, 60, 202,154 074 €,8 858,11 842,3 265, 400,108 869,8 840,153 771 €
Jõhvi Mihkli Kogudus,Jõhvi vald,vald75,Viru,2020, 500, 15, 5, 22, 1, 1, 0, 20, 152,144 705 €,9 186, 961,2 205,18 420,91 037, 0,139 656 €
Jüri Kogudus,Rae vald,vald43,Ida-Harju,2017, 800, 38, 29, 19, 4, 0, 0, 14, 276,29 626 €,9 206,2 648,3 200,5 800, 0, 0,48 812 €
Jüri Kogudus,Rae vald,vald43,Ida-Harju,2018, 817, 35, 23, 20, 2, 0, 0, 10, 281,30 183 €,9 564,2 148,2 760,7 300,3 270, 0,55 148 €
Jüri Kogudus,Rae vald,vald43,Ida-Harju,2019, 800, 34, 10, 22, 4, 0, 0, 22, 306,120 210 €,12 966,4 422,3 100,7 300, 0, 0,56 016 €
Jüri Kogudus,Rae vald,vald43,Ida-Harju,2020, 800, 30, 3, 18, 3, 0, 0, 7, 286,44 036 €,12 614,4 453,2 130,18 070,4 950, 0,37 420 €
Juuru Mihkli Kogudus,Rapla vald,vald72,Ida-Harju,2017, 550, 19, 13, 12, 7, 7, 0, 5, 118,29 925 €,7 814,7 315,1 899,2 120,5 406,5 189,61 502 €
Juuru Mihkli Kogudus,Rapla vald,vald72,Ida-Harju,2018, 539, 23, 6, 18, 5, 4, 0, 5, 155,144 063 €,9 987,8 057,3 239,1 900,5 903, 743,148 371 €
Juuru Mihkli Kogudus,Rapla vald,vald72,Ida-Harju,2019, 523, 26, 9, 16, 1, 1, 0, 0, 159,45 240 €,9 246,8 192,4 735,4 405,5 563, 901,44 513 €
Juuru Mihkli Kogudus,Rapla vald,vald72,Ida-Harju,2020, 527, 14, 5, 7, 0, 0, 0, 3, 142,45 912 €,10 036,3 595,1 650,5 140,12 791,4 500,32 359 €
Kaarma Peeter-Pauli Kogudus,Saaremaa vald,vald56,Saarte,2017, 410, 14, 0, 10, 0, 0, 0, 0, 81,33 904 €,1 091,12 751, 300,19 417, 345, 0,30 565 €
Kaarma Peeter-Pauli Kogudus,Saaremaa vald,vald56,Saarte,2018, 408, 14, 1, 5, 2, 1, 0, 0, 71,76 575 €,3 847,1 769, 70,62 100, 694, 0,80 928 €
Kaarma Peeter-Pauli Kogudus,Saaremaa vald,vald56,Saarte,2019, 409, 17, 1, 4, 1, 1, 0, 0, 75,14 704 €,6 568,1 790, 200,1 700, 330, 0,16 680 €
Kaarma Peeter-Pauli Kogudus,Saaremaa vald,vald56,Saarte,2020, 404, 10, 0, 1, 0, 0, 0, 0, 61,75 524 €,6 955,1 524, 250,61 130, 363, 0,75 915 €
Kadrina Katariina Kogudus,Kadrina vald,vald58,Viru,2017, 300, 17, 8, 7, 1, 0, 12, 16, 84,43 948 €,2 952,1 500, 45,2 000, 562,27 864,47 332 €
Kadrina Katariina Kogudus,Kadrina vald,vald58,Viru,2018, 300, 16, 14, 11, 1, 0, 8, 12, 92,28 371 €,3 851,2 533, 30, 0,4 702, 709,26 250 €
Kadrina Katariina Kogudus,Kadrina vald,vald58,Viru,2019, 300, 13, 11, 10, 0, 0, 6, 8, 88,22 723 €,3 966,2 002, 160,3 600,8 791, 650,20 577 €
Kadrina Katariina Kogudus,Kadrina vald,vald58,Viru,2020, 500, 8, 7, 9, 0, 0, 0, 10, 106,38 747 €,5 619,3 683, 215,12 666,9 417, 632,32 367 €
Käina Martini Kogudus,Hiiumaa vald,vald46,Saarte,2017, 150, 15, 0, 9, 2, 2, 2, 0, 38,16 719 €,1 546,2 411,1 438,2 100,1 771,6 085,18 165 €
Käina Martini Kogudus,Hiiumaa vald,vald46,Saarte,2018, 150, 11, 2, 5, 0, 0, 2, 4, 44,60 164 €,2 179,2 567, 408,4 000,42 884,5 825,34 321 €
Käina Martini Kogudus,Hiiumaa vald,vald46,Saarte,2019, 150, 10, 3, 5, 3, 3, 0, 0, 39,40 714 €,2 102,2 456, 910,2 540,1 845,5 590,33 395 €
Käina Martini Kogudus,Hiiumaa vald,vald46,Saarte,2020, 150, 7, 0, 3, 1, 1, 0, 0, 39,26 088 €,2 570,2 427, 420,11 936,2 916,3 954,31 268 €
Kambja Kogudus,Kambja vald,vald17,Tartu,2017, 650, 36, 19, 24, 4, 4, 0, 0, 124,25 322 €,5 570,6 375,4 855,2 900,5 321, 0,17 342 €
Kambja Kogudus,Kambja vald,vald17,Tartu,2018, 654, 30, 13, 17, 3, 3, 0, 0, 118,37 931 €,4 944,5 929,2 668,4 000,15 176, 0,22 121 €
Kambja Kogudus,Kambja vald,vald17,Tartu,2019, 684, 35, 30, 29, 8, 7, 0, 0, 144,38 567 €,5 222,6 289,7 640,3 500,10 816, 200,21 819 €
Kambja Kogudus,Kambja vald,vald17,Tartu,2020, 728, 24, 31, 25, 6, 6, 0, 0, 148,35 042 €,6 678,4 321,6 081,5 225,9 381, 0,27 988 €
Kanepi Jaani Kogudus,Kanepi vald,vald6,Võru,2017,1 600, 15, 8, 28, 2, 2, 0, 8, 163,12 341 €,4 865,1 835,1 731,1 000, 509, 950,15 672 €
Kanepi Jaani Kogudus,Kanepi vald,vald6,Võru,2018,2 000, 16, 7, 34, 1, 2, 0, 8, 156,31 610 €,5 260,3 178,1 665,19 830, 552,1 125,30 374 €
Kanepi Jaani Kogudus,Kanepi vald,vald6,Võru,2019,1 500, 18, 4, 24, 1, 1, 0, 13, 164,14 627 €,5 905,3 054,1 703,2 112,1 053, 800,20 619 €
Kanepi Jaani Kogudus,Kanepi vald,vald6,Võru,2020,1 800, 13, 5, 24, 0, 0, 0, 4, 183,21 364 €,8 022,2 345,1 366,4 230,1 089, 800,16 287 €
Kärdla Johannese Kogudus,Hiiumaa vald,vald46,Saarte,2017, 350, 15, 5, 19, 0, 0, 0, 4, 68,70 528 €,3 532, 800,2 560, 0,18 290,18 596,51 307 €
Kärdla Johannese Kogudus,Hiiumaa vald,vald46,Saarte,2018, 350, 15, 1, 12, 0, 0, 0, 6, 68,57 111 €,4 419, 521, 668,2 200,16 549,25 460,71 781 €
Kärdla Johannese Kogudus,Hiiumaa vald,vald46,Saarte,2019, 350, 16, 4, 12, 0, 0, 0, 6, 63,49 826 €,4 662, 507, 480, 0,10 773,19 057,54 038 €
Kärdla Johannese Kogudus,Hiiumaa vald,vald46,Saarte,2020, 350, 17, 4, 11, 1, 0, 0, 6, 61,42 702 €,4 776,2 529,1 350,1 425,15 447,10 255,43 161 €
Karja Katariina Kogudus,Saaremaa vald,vald56,Saarte,2017, 140, 17, 5, 1, 1, 0, 0, 60, 42,16 834 €,2 265,5 430, 0,7 500,1 140, 0,21 063 €
Karja Katariina Kogudus,Saaremaa vald,vald56,Saarte,2018, 140, 17, 0, 4, 1, 0, 0, 60, 32,22 349 €,1 564,7 047, 100,1 700,11 140, 0,14 963 €
Karja Katariina Kogudus,Saaremaa vald,vald56,Saarte,2019, 140, 19, 1, 4, 0, 0, 0, 60, 33,46 221 €,1 725,8 853, 65,4 700,29 150, 0,24 575 €
Karja Katariina Kogudus,Saaremaa vald,vald56,Saarte,2020, 150, 12, 6, 11, 0, 0, 0, 0, 35,21 247 €,1 779,2 158, 200,12 486,1 300, 0,36 015 €
Karksi Peetri Kogudus,Mulgi vald,vald20,Viljandi,2017, 46, 18, 4, 3, 0, 0, 0, 0, 46,9 876 €,3 905, 853, 400,1 000,3 718, 0,9 965 €
Karksi Peetri Kogudus,Mulgi vald,vald20,Viljandi,2018, 215, 19, 0, 0, 0, 0, 0, 0, 50,9 225 €,3 344,1 680, 500, 0,2 970, 0,8 915 €
Karksi Peetri Kogudus,Mulgi vald,vald20,Viljandi,2019, 210, 20, 2, 1, 0, 0, 0, 0, 50,12 198 €,4 121,2 751, 0, 350,4 249, 0,10 776 €
Karksi Peetri Kogudus,Mulgi vald,vald20,Viljandi,2020, 292, 17, 5, 2, 0, 0, 0, 0, 45,20 417 €,4 280,1 302, 460,9 195,4 920, 250,16 359 €
Kärla Maarja-Magdaleena Kogudus,Saaremaa vald,vald56,Saarte,2017, 450, 21, 2, 17, 1, 1, 0, 7, 91,30 914 €,2 854, 432,1 920,3 000,3 498, 0,12 794 €
Kärla Maarja-Magdaleena Kogudus,Saaremaa vald,vald56,Saarte,2018, 450, 18, 3, 11, 0, 0, 0, 7, 95,17 435 €,3 654, 695,1 581,6 700,3 729, 0,11 190 €
Kärla Maarja-Magdaleena Kogudus,Saaremaa vald,vald56,Saarte,2019, 450, 16, 2, 12, 0, 0, 0, 17, 92,16 406 €,2 919, 594,1 296,7 200,4 026, 0,25 037 €
Kärla Maarja-Magdaleena Kogudus,Saaremaa vald,vald56,Saarte,2020, 400, 16, 2, 8, 0, 0, 0, 0, 74,17 720 €,4 039, 397, 954,11 943, 0, 0,17 745 €
Käru Kogudus,Türi vald,vald71,Järva,2017, 162, 16, 2, 0, 0, 0, 0, 0, 32,8 003 €,1 004, 650, 545, 500, 0, 0,13 169 €
Käru Kogudus,Türi vald,vald71,Järva,2018, 171, 21, 0, 0, 0, 0, 0, 0, 30,4 957 €, 918, 635, 400,3 000, 0, 0,6 341 €
Käru Kogudus,Türi vald,vald71,Järva,2019, 162, 14, 0, 1, 0, 0, 0, 0, 28,16 898 €, 912, 918, 0,3 264, 0,1 800,23 161 €
Käru Kogudus,Türi vald,vald71,Järva,2020, 163, 13, 2, 3, 1, 0, 0, 0, 29,87 718 €, 906, 881, 129,84 661, 0, 0,95 699 €
Karula Kogudus,Valga vald,vald2,Valga,2017, 490, 25, 20, 25, 1, 0, 11, 3, 105,26 046 €,2 015,2 758,2 032,1 361, 0,6 510,30 506 €
Karula Kogudus,Valga vald,vald2,Valga,2018, 495, 24, 18, 44, 1, 0, 9, 5, 110,62 806 €,3 200,3 405,1 787, 400,36 123,8 170,31 920 €
Karula Kogudus,Valga vald,vald2,Valga,2019, 490, 27, 16, 51, 2, 0, 7, 0, 110,25 368 €,3 300,4 313,2 431, 500,1 000,5 736,37 029 €
Karula Kogudus,Valga vald,vald2,Valga,2020, 480,1 202, 17, 66, 2, 0, 0, 0, 110,41 506 €,2 584,5 630,1 161,19 000,1 913,8 950,44 970 €
Karuse Margareeta Kogudus,Lääneranna vald,vald48,Lääne,2017, 200, 25, 5, 8, 1, 0, 0, 0, 20,8 880 €, 933, 940, 0, 184,1 770, 0,1 956 €
Karuse Margareeta Kogudus,Lääneranna vald,vald48,Lääne,2018, 200, 16, 0, 4, 0, 0, 0, 0, 18,20 450 €, 608, 585, 0, 0,1 698, 0,26 296 €
Karuse Margareeta Kogudus,Lääneranna vald,vald48,Lääne,2019, 200, 12, 0, 1, 0, 0, 0, 0, 15,14 186 €, 774, 850, 100, 500,1 771, 0,12 892 €
Karuse Margareeta Kogudus,Lääneranna vald,vald48,Lääne,2020, 200, 7, 0, 20, 0, 0, 0, 0, 15,4 698 €, 579, 820, 285, 500,1 944, 0,2 126 €
Käsmu Kogudus,Haljala vald,vald8,Viru,2017, 166, 18, 6, 4, 0, 0, 0, 12, 80,16 465 €,6 275,4 722,1 105, 150,1 570, 260,12 857 €
Käsmu Kogudus,Haljala vald,vald8,Viru,2018, 174, 18, 6, 2, 0, 0, 0, 12, 81,19 162 €,7 350,4 092, 715, 0,1 050, 0,15 251 €
Käsmu Kogudus,Haljala vald,vald8,Viru,2019, 187, 17, 12, 2, 1, 1, 0, 7, 87,205 818 €,6 870,3 907,1 020,11 675,1 150,3 304,188 021 €
Käsmu Kogudus,Haljala vald,vald8,Viru,2020, 190, 12, 0, 4, 3, 3, 0, 5, 87,20 399 €,8 124,2 281, 950,7 007,-, 732,24 602 €
Keila Miikaeli Kogudus,Keila linn,vald33,Lääne-Harju,2017,2 860, 75, 26, 31, 6, 3, 5, 44, 401,63 507 €,16 294,9 898,5 305,4 200,3 335,13 406,63 934 €
Keila Miikaeli Kogudus,Keila linn,vald33,Lääne-Harju,2018,2 863, 76, 15, 30, 2, 0, 6, 46, 296,73 735 €,15 626,10 672,5 070,20 628,2 522,10 910,73 401 €
Keila Miikaeli Kogudus,Keila linn,vald33,Lääne-Harju,2019,2 863, 62, 28, 35, 2, 0, 6, 15, 302,57 261 €,15 009,9 610,6 905,9 882,2 803,3 000,56 082 €
Keila Miikaeli Kogudus,Keila linn,vald33,Lääne-Harju,2020,2 879, 36, 26, 29, 4, 0, 4, 10, 309,166 467 €,15 819,9 675,5 720,105 992,1 401,3 000,137 393 €
Kihelkonna Mihkli Kogudus,Saaremaa vald,vald56,Saarte,2017,1 120, 53, 12, 32, 5, 4, 10, 47, 368,94 848 €,12 797,6 697,3 570,13 853, 313,10 221,111 028 €
Kihelkonna Mihkli Kogudus,Saaremaa vald,vald56,Saarte,2018,1 120, 54, 5, 20, 2, 1, 8, 41, 357,98 224 €,14 557,7 701,2 322,13 849, 537,10 915,92 787 €
Kihelkonna Mihkli Kogudus,Saaremaa vald,vald56,Saarte,2019,1 120, 52, 8, 36, 0, 0, 8, 40, 348,81 888 €,15 050,9 036,3 405,5 420, 535,25 729,62 534 €
Kihelkonna Mihkli Kogudus,Saaremaa vald,vald56,Saarte,2020,1 120, 35, 6, 31, 2, 1, 0, 28, 351,375 837 €,15 083,5 610,2 650,319 801, 387,5 720,185 108 €
Kirbla Püha Nikolause Kogudus,Lääneranna vald,vald48,Lääne,2017, 80, 7, 0, 1, 0, 0, 0, 0, 21,7 450 €, 594, 95, 40, 0,2 580,3 832,3 327 €
Kirbla Püha Nikolause Kogudus,Lääneranna vald,vald48,Lääne,2018, 50, 6, 0, 4, 0, 0, 0, 0, 16,8 437 €, 717, 90, 330, 0,4 425,1 673,10 418 €
Kirbla Püha Nikolause Kogudus,Lääneranna vald,vald48,Lääne,2019, 50, 6, 0, 3, 1, 0, 0, 0, 15,12 070 €, 580, 242, 430, 0,4 793,2 902,9 717 €
Kirbla Püha Nikolause Kogudus,Lääneranna vald,vald48,Lääne,2020, 50, 4, 0, 4, 0, 0, 0, 0, 13,9 301 €, 875, 260, 200, 570,5 149,1 715,4 108 €
Kodavere Mihkli Kogudus,Peipsiääre vald,vald76,Tartu,2017, 350, 12, 4, 13, 0, 0, 0, 0, 88,8 959 €,2 964,1 975, 905, 0,1 298, 566,11 816 €
Kodavere Mihkli Kogudus,Peipsiääre vald,vald76,Tartu,2018, 350, 10, 0, 14, 0, 0, 0, 0, 89,10 662 €,2 995,2 723, 950, 600,1 402, 602,11 626 €
Kodavere Mihkli Kogudus,Peipsiääre vald,vald76,Tartu,2019, 350, 11, 1, 12, 0, 0, 0, 0, 90,31 186 €,3 071,2 841, 740, 700,1 516,21 217,12 056 €
Kodavere Mihkli Kogudus,Peipsiääre vald,vald76,Tartu,2020, 350, 7, 0, 9, 0, 0, 0, 0, 82,12 645 €,3 266,2 588, 640,2 610,2 441,-,14 515 €
Koeru Maarja-Magdaleena Kogudus,Järva vald,vald24,Järva,2017, 535, 18, 1, 8, 1, 0, 0, 0, 92,80 905 €,3 439, 866,1 081,11 692,5 819,56 676,34 147 €
Koeru Maarja-Magdaleena Kogudus,Järva vald,vald24,Järva,2018, 540, 18, 6, 8, 1, 1, 0, 3, 88,30 106 €,3 402,1 121, 922,17 208,5 838, 0,52 066 €
Koeru Maarja-Magdaleena Kogudus,Järva vald,vald24,Järva,2019, 550, 15, 5, 5, 0, 0, 0, 0, 80,42 624 €,3 453,1 422, 792,3 000,4 960, 0,56 775 €
Koeru Maarja-Magdaleena Kogudus,Järva vald,vald24,Järva,2020, 550, 10, 0, 5, 0, 0, 0, 0, 65,63 438 €,3 584,2 038, 384,45 520,6 157, 0,64 705 €
Kolga-Jaani Johannese Kogudus,Viljandi vald,vald21,Viljandi,2017, 378, 12, 6, 11, 2, 0, 5, 29, 149,22 748 €,4 867, 803, 438,11 423,4 885, 0,30 377 €
Kolga-Jaani Johannese Kogudus,Viljandi vald,vald21,Viljandi,2018, 350, 11, 1, 4, 1, 0, 3, 32, 145,53 244 €,5 444, 929, 110,1 947,14 006, 375,48 741 €
Kolga-Jaani Johannese Kogudus,Viljandi vald,vald21,Viljandi,2019, 575, 7, 2, 10, 0, 0, 0, 36, 143,13 031 €,5 479, 870, 193,1 981,3 876, 375,19 036 €
Kolga-Jaani Johannese Kogudus,Viljandi vald,vald21,Viljandi,2020, 550, 38, 1, 11, 0, 0, 0, 19, 122,53 277 €,5 888,1 810, 790,31 981,9 688, 370,45 250 €
Kõpu Peetri Kogudus,Põhja-Sakala vald,vald22,Viljandi,2017, 189, 16, 12, 9, 1, 0, 0, 277, 86,31 762 €,4 181, 707,1 550,1 428,2 099,15 081,25 846 €
Kõpu Peetri Kogudus,Põhja-Sakala vald,vald22,Viljandi,2018, 197, 16, 5, 14, 0, 0, 0, 78, 88,68 873 €,4 308,1 143,5 184,14 784,2 262,6 603,77 674 €
Kõpu Peetri Kogudus,Põhja-Sakala vald,vald22,Viljandi,2019, 195, 17, 0, 7, 1, 0, 0, 74, 84,65 742 €,4 109,1 868,2 860,19 494,2 214,5 155,51 552 €
Kõpu Peetri Kogudus,Põhja-Sakala vald,vald22,Viljandi,2020, 191, 8, 5, 8, 1, 0, 0, 16, 81,49 760 €,5 740, 655,2 150,25 422,2 331,5 875,57 486 €
Kose Püha Nikolause Kogudus,Kose vald,vald38,Ida-Harju,2017, 793, 26, 2, 25, 0, 0, 0, 25, 191,72 540 €,10 659,6 720,1 550,2 180,1 398,2 900,113 403 €
Kose Püha Nikolause Kogudus,Kose vald,vald38,Ida-Harju,2018, 685, 24, 12, 30, 2, 2, 0, 45, 194,121 235 €,12 476,4 687,2 337,6 915,1 820,17 866,108 619 €
Kose Püha Nikolause Kogudus,Kose vald,vald38,Ida-Harju,2019, 680, 37, 5, 35, 0, 0, 0, 15, 187,116 300 €,12 753,6 955,2 410,20 781,8 852,3 568,133 232 €
Kose Püha Nikolause Kogudus,Kose vald,vald38,Ida-Harju,2020, 680,1 207, 17, 27, 1, 1, 10, 45, 187,287 613 €,14 552, 900,1 840,193 275,57 089,10 819,219 459 €
Kullamaa Püha Johannese Kogudus,Lääne-Nigula vald,vald52,Lääne,2017, 600, 15, 2, 20, 0, 0, 0, 0, 156,20 151 €,8 099,5 646,2 574,1 000, 180,2 630,23 487 €
Kullamaa Püha Johannese Kogudus,Lääne-Nigula vald,vald52,Lääne,2018, 600, 16, 1, 11, 0, 0, 0, 0, 157,17 531 €,7 748,5 031,1 050,1 000,1 280, 420,18 461 €
Kullamaa Püha Johannese Kogudus,Lääne-Nigula vald,vald52,Lääne,2019, 600, 18, 2, 23, 1, 0, 0, 0, 158,40 131 €,8 861,13 780,3 347,6 430, 180,7 533,30 540 €
Kullamaa Püha Johannese Kogudus,Lääne-Nigula vald,vald52,Lääne,2020, 600, 25, 0, 15, 0, 0, 0, 0, 154,37 639 €,8 635,2 296,2 390,12 465, 730,4 713,39 783 €
Kunda Kolmekuninga Kogudus,Viru-Nigula vald,vald73,Viru,2017, 122, 14, 0, 2, 0, 0, 0, 0, 30,2 574 €, 575, 999, 0,1 000, 0, 0,2 645 €
Kunda Kolmekuninga Kogudus,Viru-Nigula vald,vald73,Viru,2018, 117, 15, 0, 3, 0, 0, 0, 0, 26,2 505 €, 637, 869, 0,1 000, 0, 0,2 833 €
Kunda Kolmekuninga Kogudus,Viru-Nigula vald,vald73,Viru,2019, 121, 17, 0, 2, 0, 0, 0, 0, 26,2 952 €, 672, 780, 0,1 500, 0, 0,2 724 €
Kunda Kolmekuninga Kogudus,Viru-Nigula vald,vald73,Viru,2020, 122, 22, 1, 3, 0, 0, 0, 0, 26,3 457 €, 866, 531, 100,1 960, 0, 0,3 224 €
Kuressaare Laurentiuse Kogudus,Saaremaa vald,vald56,Saarte,2017,3 421, 102, 25, 106, 7, 7, 15, 21, 633,196 805 €,24 224,30 386,15 385,60 500,61 425,3 637,178 727 €
Kuressaare Laurentiuse Kogudus,Saaremaa vald,vald56,Saarte,2018,3 413, 100, 20, 142, 8, 8, 17, 20, 589,243 713 €,22 996,28 262,18 246,107 700,58 894,6 337,185 873 €
Kuressaare Laurentiuse Kogudus,Saaremaa vald,vald56,Saarte,2019,3 409, 90, 17, 129, 8, 7, 15, 16, 591,282 000 €,22 179,32 582,16 545,132 700,63 472,13 650,373 403 €
Kuressaare Laurentiuse Kogudus,Saaremaa vald,vald56,Saarte,2020,3 411, 66, 20, 126, 8, 6, 15, 19, 561,166 397 €,24 068,8 228,17 245,13 911,48 156,21 741,140 315 €
Kursi Maarja-Eliisabeti Kogudus,Põltsamaa vald,vald67,Tartu,2017, 300, 19, 3, 2, 0, 0, 0, 0, 38,7 279 €,1 761,1 162, 250, 800,1 792,1 514,5 282 €
Kursi Maarja-Eliisabeti Kogudus,Põltsamaa vald,vald67,Tartu,2018, 300, 15, 0, 5, 0, 0, 0, 20, 16,12 297 €,1 143,1 892, 350,1 000,2 566,5 346,11 154 €
Kursi Maarja-Eliisabeti Kogudus,Põltsamaa vald,vald67,Tartu,2019, 250, 16, 1, 2, 0, 0, 0, 15, 16,14 626 €,1 400, 871, 300,1 500,2 758,7 797,11 839 €
Kursi Maarja-Eliisabeti Kogudus,Põltsamaa vald,vald67,Tartu,2020, 230, 6, 0, 0, 0, 0, 0, 0, 9,12 002 €, 916, 343, 0,2 085,1 222,7 436,14 187 €
Kuusalu Kogudus,Kuusalu vald,vald41,Ida-Harju,2017,2 000, 30, 2, 62, 0, 0, 2, 12, 254,59 426 €,11 970,1 804,5 410,17 200,7 940, 0,66 303 €
Kuusalu Kogudus,Kuusalu vald,vald41,Ida-Harju,2018,2 000, 30, 10, 68, 2, 2, 10, 5, 250,313 236 €,11 195,1 055,5 290,14 500,257 133, 0,61 942 €
Kuusalu Kogudus,Kuusalu vald,vald41,Ida-Harju,2019,2 000, 27, 4, 71, 1, 1, 5, 5, 230,123 159 €,10 642,2 372,6 485,21 263,7 040, 0,112 889 €
Lääne-Nigula Püha Nikolause Kogudus,Lääne-Nigula vald,vald52,Lääne,2017,1 200, 32, 12, 10, 1, 0, 300, 28, 241,82 947 €,11 053,5 974,1 160,6 747,2 915,41 506,98 299 €
Lääne-Nigula Püha Nikolause Kogudus,Lääne-Nigula vald,vald52,Lääne,2018,1 200, 30, 14, 14, 1, 0, 220, 70, 242,72 408 €,13 740,6 812,2 356,6 650,2 492,32 074,71 584 €
Lääne-Nigula Püha Nikolause Kogudus,Lääne-Nigula vald,vald52,Lääne,2019,1 200, 29, 8, 8, 2, 0, 90, 70, 244,117 118 €,15 803,7 814,1 166,4 500,3 006,26 127,70 984 €
Lääne-Nigula Püha Nikolause Kogudus,Lääne-Nigula vald,vald52,Lääne,2020,1 200, 36, 2, 8, 1, 0, 15, 20, 233,76 600 €,17 270,4 902, 880,18 165,2 155,22 908,75 910 €
Laatre Püha Laurentsiuse Kogudus,Valga vald,vald2,Valga,2017, 70, 14, 0, 10, 0, 0, 2, 2, 48,24 127 €, 908, 609, 180,15 000, 280, 50,24 119 €
Laatre Püha Laurentsiuse Kogudus,Valga vald,vald2,Valga,2018,1 200, 14, 1, 11, 0, 0, 0, 4, 51,23 226 €, 945, 648, 90,15 800, 280, 0,25 907 €
Laatre Püha Laurentsiuse Kogudus,Valga vald,vald2,Valga,2019,1 200, 18, 0, 15, 0, 0, 0, 0, 52,104 522 €, 990, 716, 150,91 251, 0,5 000,68 646 €
Laatre Püha Laurentsiuse Kogudus,Valga vald,vald2,Valga,2020,1 500, 22, 4, 18, 0, 0, 0, 0, 57,110 869 €,1 135, 801, 200,105 951, 280, 0,51 627 €
Laiuse Püha Jüri Kogudus,Jõgeva vald,vald68,Tartu,2017, 160, 8, 11, 8, 0, 0, 0, 0, 34,17 268 €,2 045, 744, 500,2 850,7 839,2 900,14 953 €
Laiuse Püha Jüri Kogudus,Jõgeva vald,vald68,Tartu,2018, 160, 9, 0, 6, 1, 0, 0, 0, 33,23 654 €,2 672, 593, 600,1 800,7 839,2 500,19 366 €
Laiuse Püha Jüri Kogudus,Jõgeva vald,vald68,Tartu,2019, 39, 7, 5, 2, 1, 0, 0, 7, 39,18 316 €,5 278, 79, 0,3 800,7 839, 0,27 148 €
Laiuse Püha Jüri Kogudus,Jõgeva vald,vald68,Tartu,2020, 46, 20, 3, 4, 0, 0, 0, 0, 39,23 550 €,1 130, 0, 0,5 510,11 000,5 000,18 069 €
Leesi Katariina Kogudus,Kuusalu vald,vald41,Ida-Harju,2017, 350, 10, 0, 7, 0, 0, 0, 0, 99,12 449 €,1 389,3 285,1 355,6 300, 0, 0,8 188 €
Leesi Katariina Kogudus,Kuusalu vald,vald41,Ida-Harju,2018, 350, 7, 3, 3, 2, 1, 0, 0, 90,16 597 €,1 247, 430, 805,6 600, 0, 0,15 088 €
Leesi Katariina Kogudus,Kuusalu vald,vald41,Ida-Harju,2019, 350, 7, 0, 4, 0, 0, 0, 0, 90,10 394 €,2 394, 720, 140,2 000, 0, 0,15 185 €
Leesi Katariina Kogudus,Kuusalu vald,vald41,Ida-Harju,2020, 350, 6, 0, 8, 0, 0, 0, 0, 70,13 986 €,1 373,1 738, 0,7 500, 745, 0,26 392 €
Lihula Eliisabeti Kogudus,Lääneranna vald,vald48,Lääne,2017, 750, 9, 0, 7, 0, 0, 0, 0, 27,4 447 €,1 121, 997, 360, 0,1 909, 0,4 575 €
Lihula Eliisabeti Kogudus,Lääneranna vald,vald48,Lääne,2018, 750, 8, 7, 14, 0, 0, 0, 0, 28,4 770 €, 854,1 035, 760, 500,1 406, 200,4 667 €
Lihula Eliisabeti Kogudus,Lääneranna vald,vald48,Lääne,2019, 750, 9, 3, 7, 0, 0, 0, 0, 27,4 820 €,1 014,1 000, 560, 500,1 662, 0,4 805 €
Lihula Eliisabeti Kogudus,Lääneranna vald,vald48,Lääne,2020, 750, 7, 3, 9, 1, 0, 0, 0, 29,9 112 €,1 184, 995, 800, 500,4 853, 0,5 471 €
Lohusuu Kogudus,Mustvee vald,vald66,Tartu,2017, 320, 16, 0, 5, 0, 0, 0, 0, 120,2 559 €,1 355,1 204, 0, 0, 0, 0,2 681 €
Lohusuu Kogudus,Mustvee vald,vald66,Tartu,2020, 320, 8, 2, 3, 0, 0, 0, 10, 99,-,-,-,-,-,-,-,-
Lohusuu Kogudus,Mustvee vald,vald66,Tartu,2018, 320, 18, 1, 4, 0, 0, 0, 10, 115,5 141 €,1 810,1 801, 261, 300, 0, 0,3 432 €
Lohusuu Kogudus,Mustvee vald,vald66,Tartu,2019, 320, 20, 10, 5, 0, 0, 0, 14, 117,5 506 €,1 940, 467, 199, 900, 0, 0,4 824 €
Loksa Püha Neitsi Maarja Kogudus,Loksa linn,vald40,Ida-Harju,2017, 450, 10, 0, 20, 0, 0, 0, 0, 83,22 707 €,1 537,1 985,3 170,13 735, 0, 0,22 313 €
Loksa Püha Neitsi Maarja Kogudus,Loksa linn,vald40,Ida-Harju,2018, 400, 10, 0, 19, 0, 0, 0, 0, 72,22 975 €,1 865,1 475,3 010,13 100, 0, 0,23 895 €
Loksa Püha Neitsi Maarja Kogudus,Loksa linn,vald40,Ida-Harju,2019, 380, 8, 0, 19, 1, 0, 0, 0, 68,30 945 €,1 325,1 940,2 810,16 000, 0, 0,31 681 €
Loksa Püha Neitsi Maarja Kogudus,Loksa linn,vald40,Ida-Harju,2020, 360, 10, 2, 20, 0, 0, 0, 0, 58,29 350 €,1 595,1 490,1 715,19 115, 0, 0,30 089 €
Lüganuse Ristija Johannese Kogudus,Lüganuse vald,vald27,Viru,2017, 715, 33, 2, 20, 1, 0, 0, 0, 158,28 389 €,7 823,2 236, 680,8 050, 0, 0,32 575 €
Lüganuse Ristija Johannese Kogudus,Lüganuse vald,vald27,Viru,2018, 700, 27, 7, 24, 0, 0, 8, 10, 153,54 090 €,8 558,3 242, 500,40 000, 0, 890,54 790 €
Lüganuse Ristija Johannese Kogudus,Lüganuse vald,vald27,Viru,2019, 689, 20, 2, 9, 0, 0, 39, 0, 135,44 756 €,6 817, 840, 150,33 863, 0, 385,17 652 €
Lüganuse Ristija Johannese Kogudus,Lüganuse vald,vald27,Viru,2020, 678, 10, 3, 19, 0, 0, 0, 0, 137,111 893 €,7 132,2 370, 0,99 826, 0,1 360,137 597 €
Maarja-Magdaleena Kogudus,Tartu vald,vald70,Tartu,2017, 500, 19, 6, 9, 1, 0, 0, 15, 86,17 056 €,6 232,1 509, 300, 0,7 168, 0,18 437 €
Maarja-Magdaleena Kogudus,Tartu vald,vald70,Tartu,2018, 600, 17, 2, 6, 0, 0, 0, 16, 85,21 966 €,8 422,1 785, 320, 0,7 409, 200,16 605 €
Maarja-Magdaleena Kogudus,Tartu vald,vald70,Tartu,2019, 600, 16, 1, 7, 0, 0, 0, 11, 82,93 514 €,6 846,1 708, 525,30 000,48 087, 0,56 289 €
Maarja-Magdaleena Kogudus,Tartu vald,vald70,Tartu,2020, 500, 10, 0, 6, 0, 0, 0, 10, 61,64 816 €,6 182,1 798, 700,43 780,11 781, 0,20 960 €
Märjamaa Maarja Kogudus,Märjamaa vald,vald31,Lääne,2017, 844, 25, 6, 10, 0, 0, 0, 19, 79,17 487 €,6 369,3 951,1 055, 270,1 404,4 000,18 096 €
Märjamaa Maarja Kogudus,Märjamaa vald,vald31,Lääne,2018, 840, 21, 5, 9, 3, 1, 0, 15, 71,14 574 €,6 534,3 897, 925, 420,1 466,1 000,15 194 €
Märjamaa Maarja Kogudus,Märjamaa vald,vald31,Lääne,2019, 827, 19, 0, 12, 0, 0, 0, 6, 67,55 807 €,4 337,6 732,1 480, 450,1 429,39 480,26 832 €
Märjamaa Maarja Kogudus,Märjamaa vald,vald31,Lääne,2020, 821, 14, 2, 13, 0, 0, 0, 9, 47,21 651 €,3 775,5 488,1 170, 495, 840,4 571,29 864 €
Martna Püha Martini Kogudus,Lääne-Nigula vald,vald52,Lääne,2017, 148, 36, 5, 5, 1, 1, 0, 36, 67,29 641 €,3 798,1 328, 715,4 050, 0,18 286,33 743 €
Martna Püha Martini Kogudus,Lääne-Nigula vald,vald52,Lääne,2018, 146, 25, 0, 2, 0, 0, 8, 48, 43,15 297 €,4 345,1 603, 260,4 000, 0,3 442,38 319 €
Martna Püha Martini Kogudus,Lääne-Nigula vald,vald52,Lääne,2019, 147, 23, 3, 8, 0, 0, 7, 50, 44,33 651 €,3 955,1 733, 740,4 925, 0,14 005,30 723 €
Martna Püha Martini Kogudus,Lääne-Nigula vald,vald52,Lääne,2020, 146, 9, 0, 7, 0, 0, 0, 0, 28,20 458 €,5 916, 782, 630,4 500, 0,6 882,27 781 €
Mehikoorma Kogudus,Räpina vald,vald69,Võru,2017, 80, 10, 0, 12, 0, 0, 0, 16, 34,1 408 €, 630, 0, 310, 450, 0, 0,1 404 €
Mehikoorma Kogudus,Räpina vald,vald69,Võru,2018, 115, 8, 0, 5, 0, 0, 0, 5, 31,1 931 €, 610, 271, 0, 500, 0, 0,1 922 €
Mehikoorma Kogudus,Räpina vald,vald69,Võru,2019, 59, 6, 0, 5, 0, 0, 0, 0, 29,12 750 €, 560, 190, 0,12 000, 0, 0,12 955 €
Mehikoorma Kogudus,Räpina vald,vald69,Võru,2020, 76, 6, 0, 7, 0, 0, 0, 0, 29,3 113 €, 830, 163, 0,1 300, 0, 0,2 549 €
Mihkli Miikaeli Kogudus,Lääneranna vald,vald48,Lääne,2017, 398, 9, 0, 2, 0, 0, 0, 0, 78,13 662 €,3 016,1 118, 60,7 500,1 756, 0,11 195 €
Mihkli Miikaeli Kogudus,Lääneranna vald,vald48,Lääne,2018, 390, 11, 0, 2, 0, 0, 0, 0, 75,17 324 €,2 901,3 289, 0,1 210,1 686, 0,25 468 €
Mihkli Miikaeli Kogudus,Lääneranna vald,vald48,Lääne,2019, 390, 9, 3, 2, 0, 0, 0, 0, 88,8 849 €,3 195,2 981, 30, 850,1 686, 0,10 068 €
Mihkli Miikaeli Kogudus,Lääneranna vald,vald48,Lääne,2020, 385, 5, 0, 4, 0, 0, 0, 0, 88,9 314 €,2 455, 699, 100,2 675,1 286, 0,11 842 €
Mõisaküla Kogudus,Viljandi vald,vald21,Viljandi,2017, 260, 21, 0, 3, 0, 0, 0, 38, 106,12 375 €,1 730,1 355, 50, 0, 0,5 107,20 612 €
Mõisaküla Kogudus,Viljandi vald,vald21,Viljandi,2018, 255, 20, 0, 1, 0, 0, 0, 3, 102,12 346 €,1 765,1 720, 60, 480, 0,8 211,13 538 €
Mõisaküla Kogudus,Viljandi vald,vald21,Viljandi,2019, 255, 25, 0, 3, 1, 0, 0, 35, 100,9 605 €,1 705,1 647, 50, 300, 0,5 124,7 956 €
Mõisaküla Kogudus,Viljandi vald,vald21,Viljandi,2020, 250, 11, 4, 0, 0, 0, 0, 0, 89,10 321 €,1 571, 817, 120,2 090, 0,5 194,7 255 €
Muhu Katariina Kogudus,Muhu vald,vald54,Saarte,2017, 136, 17, 1, 2, 1, 0, 6, 6, 47,44 377 €,1 253,2 976, 400, 500,8 645, 0,28 678 €
Muhu Katariina Kogudus,Muhu vald,vald54,Saarte,2018, 136, 18, 8, 10, 1, 1, 0, 0, 44,16 155 €,2 597, 950, 120, 0, 0, 0,20 478 €
Muhu Katariina Kogudus,Muhu vald,vald54,Saarte,2019, 132, 23, 0, 10, 2, 2, 0, 0, 46,5 228 €,2 646,1 801, 170, 0, 0, 0,7 924 €
Muhu Katariina Kogudus,Muhu vald,vald54,Saarte,2020, 131, 19, 2, 2, 0, 0, 0, 0, 48,8 611 €,2 685,1 666, 320,1 620, 100, 0,5 536 €
Mustamäe Maarja Magdaleena Kogudus,Tallinna linn,vald32,Tallinna,2017, 107, 24, 5, 1, 0, 0, 16, 55, 59,48 452 €,6 089,2 182, 0, 0, 0,39 373,47 868 €
Mustamäe Maarja Magdaleena Kogudus,Tallinna linn,vald32,Tallinna,2018, 125, 23, 8, 0, 0, 0, 4, 60, 71,68 890 €,4 695,3 257, 0, 0, 0,52 086,50 823 €
Mustamäe Maarja Magdaleena Kogudus,Tallinna linn,vald32,Tallinna,2019, 126, 24, 1, 1, 0, 0, 10, 45, 72,110 991 €,7 106,5 312, 0, 0, 0,40 443,120 751 €
Mustamäe Maarja Magdaleena Kogudus,Tallinna linn,vald32,Tallinna,2020, 127, 15, 2, 1, 0, 0, 8, 10, 44,80 237 €,5 272,2 557, 0,1 590, 0,43 616,48 354 €
Mustjala Anna Kogudus,Saaremaa vald,vald56,Saarte,2017, 250, 21, 1, 11, 1, 1, 0, 16, 49,15 484 €,1 718,1 476,1 138,9 000, 0,2 149,12 271 €
Mustjala Anna Kogudus,Saaremaa vald,vald56,Saarte,2018, 250, 13, 4, 2, 1, 1, 0, 14, 48,9 176 €,1 512,1 059,1 072,4 150, 304,1 075,7 449 €
Mustjala Anna Kogudus,Saaremaa vald,vald56,Saarte,2019, 250, 12, 1, 2, 1, 1, 0, 12, 47,10 233 €,1 480, 977, 460,6 000, 0, 246,20 640 €
Mustjala Anna Kogudus,Saaremaa vald,vald56,Saarte,2020, 250, 12, 2, 7, 0, 0, 0, 9, 47,12 578 €,1 990, 483, 937,8 486, 412, 0,15 347 €
Mustvee Kogudus,Mustvee vald,vald66,Tartu,2017, 500, 32, 12, 9, 1, 1, 0, 0, 298,19 223 €,10 926,3 617, 830, 150, 200,3 500,15 691 €
Mustvee Kogudus,Mustvee vald,vald66,Tartu,2018, 500, 30, 5, 6, 0, 0, 0, 0, 295,17 814 €,9 967,2 373, 885, 300, 200,4 089,14 693 €
Mustvee Kogudus,Mustvee vald,vald66,Tartu,2019, 500, 30, 8, 5, 4, 2, 0, 0, 301,18 139 €,10 055,2 380, 300, 300, 0,5 104,14 272 €
Mustvee Kogudus,Mustvee vald,vald66,Tartu,2020, 500, 20, 7, 9, 2, 0, 0, 0, 270,23 439 €,12 220, 823, 662,5 685, 0,4 049,18 228 €
Narva Maarja Kogudus,Narva linn,vald26,Viru,2017, 70, 13, 2, 10, 0, 0, 0, 3, 63,17 903 €,2 942,2 557, 535,2 323, 903,1 540,31 308 €
Narva Maarja Kogudus,Narva linn,vald26,Viru,2018, 89, 13, 8, 16, 0, 0, 0, 5, 73,779 829 €,3 095,5 507,2 400,245 000,6 592,3 000,785 974 €
Narva Maarja Kogudus,Narva linn,vald26,Viru,2019, 88, 11, 1, 12, 0, 0, 3, 5, 70,425 091 €,3 065,8 021,1 264,205 000,19 148, 0,434 949 €
Narva Maarja Kogudus,Narva linn,vald26,Viru,2020, 100, 11, 1, 10, 0, 0, 3, 2, 66,47 372 €,4 295,6 421,1 108,9 971, 0,7 575,43 255 €
Narva-Jõesuu Kogudus,Narva -Jõesuu vald,vald0,Viru,2017, 144, 11, 1, 2, 0, 0, 0, 24, 24,2 872 €,1 139, 608, 0, 275, 40, 810,3 277 €
Narva-Jõesuu Kogudus,Narva -Jõesuu vald,vald0,Viru,2018, 129, 14, 2, 1, 0, 0, 0, 15, 26,3 365 €,1 040, 440, 80, 740, 305, 220,4 345 €
Narva-Jõesuu Kogudus,Narva -Jõesuu vald,vald0,Viru,2019, 127, 14, 0, 1, 0, 0, 0, 12, 23,12 039 €,1 275, 627, 0,8 830, 760, 41,9 850 €
Nissi Maarja Kogudus,Saue vald,vald4,Lääne-Harju,2017, 800, 26, 16, 25, 4, 3, 0, 30, 150,52 305 €,14 342,2 709,2 753, 0,1 145, 0,31 203 €
Nissi Maarja Kogudus,Saue vald,vald4,Lääne-Harju,2018, 800, 25, 5, 25, 0, 0, 0, 23, 147,26 719 €,10 570,2 790,4 110, 198,1 163, 492,51 124 €
Nissi Maarja Kogudus,Saue vald,vald4,Lääne-Harju,2019, 700, 27, 11, 27, 1, 1, 0, 0, 150,29 890 €,9 662,1 794,4 835, 0,1 544,8 539,45 915 €
Nissi Maarja Kogudus,Saue vald,vald4,Lääne-Harju,2020, 108, 14, 7, 20, 3, 3, 0, 0, 100,42 157 €,11 083,12 281,2 915,4 399,6 232,1 837,42 278 €
Noarootsi Püha Katariina Kogudus,Lääne-Nigula vald,vald52,Lääne,2017, 152, 19, 4, 1, 1, 0, 0, 10, 23,32 740 €,1 156,1 993, 370, 0, 711,7 638,35 561 €
Noarootsi Püha Katariina Kogudus,Lääne-Nigula vald,vald52,Lääne,2018, 149, 23, 0, 0, 2, 0, 0, 0, 24,29 413 €,1 074,2 439, 570, 0, 771,7 711,34 348 €
Noarootsi Püha Katariina Kogudus,Lääne-Nigula vald,vald52,Lääne,2019, 145, 18, 1, 1, 1, 0, 0, 10, 24,28 001 €,1 205,2 357, 520, 0, 771,8 538,30 920 €
Noarootsi Püha Katariina Kogudus,Lääne-Nigula vald,vald52,Lääne,2020, 140, 8, 0, 3, 0, 0, 0, 0, 28,14 937 €,1 398,1 913, 440,1 820, 771,8 275,16 476 €
Nõmme Rahu Kogudus,Tallinna linn,vald32,Tallinna,2017,3 500, 175, 23, 41, 5, 4, 0, 42, 403,293 811 €,30 405,10 978,7 678,200 000,23 224,10 236,308 157 €
Nõmme Rahu Kogudus,Tallinna linn,vald32,Tallinna,2018,3 500, 175, 28, 40, 7, 7, 0, 35, 401,114 848 €,33 345,13 779,10 535,21 000,20 264,6 489,121 483 €
Nõmme Rahu Kogudus,Tallinna linn,vald32,Tallinna,2019,3 500, 175, 28, 40, 7, 7, 0, 35, 410,104 843 €,36 797,11 987,11 620,14 349,23 048,6 392,106 727 €
Nõmme Rahu Kogudus,Tallinna linn,vald32,Tallinna,2020,3 500, 70, 19, 33, 5, 5, 0, 15, 301,103 897 €,38 391,8 982,8 400,22 630,17 092,5 368,76 872 €
Nõo Püha Laurentsiuse Kogudus,Nõo vald,vald15,Valga,2017, 630, 21, 3, 22, 1, 0, 9, 13, 185,52 934 €,11 597,4 639, 0,16 623, 881, 298,51 149 €
Nõo Püha Laurentsiuse Kogudus,Nõo vald,vald15,Valga,2018, 650, 21, 15, 21, 1, 1, 0, 8, 184,28 229 €,10 807,5 475, 0,6 623, 881,1 263,29 137 €
Nõo Püha Laurentsiuse Kogudus,Nõo vald,vald15,Valga,2019, 650, 21, 14, 22, 0, 0, 1, 6, 180,161 308 €,13 316,3 883, 0,5 223,2 300, 120,94 883 €
Nõo Püha Laurentsiuse Kogudus,Nõo vald,vald15,Valga,2020, 650, 16, 11, 14, 0, 0, 0, 6, 175,149 859 €,12 997,4 834, 0,37 407,92 300, 0,143 059 €
Nõva Püha Olevi Kogudus,Lääne-Nigula vald,vald52,Lääne,2017, 215, 16, 2, 2, 2, 0, 0, 8, 47,8 311 €,2 600,1 019, 110, 0, 320, 270,6 782 €
Nõva Püha Olevi Kogudus,Lääne-Nigula vald,vald52,Lääne,2018, 210, 18, 4, 4, 0, 0, 0, 6, 48,33 363 €,2 905,1 495, 210,2 750,14 507,3 200,21 135 €
Nõva Püha Olevi Kogudus,Lääne-Nigula vald,vald52,Lääne,2019, 213, 18, 0, 3, 1, 0, 0, 5, 48,82 486 €,2 590, 892, 100, 750,9 341,5 050,98 233 €
Nõva Püha Olevi Kogudus,Lääne-Nigula vald,vald52,Lääne,2020, 255, 12, 0, 3, 0, 0, 0, 0, 47,18 090 €,3 190, 986, 50,3 490,5 423, 0,16 455 €
Orissaare Kogudus,Saaremaa vald,vald56,Saarte,2017, 303, 8, 2, 3, 3, 0, 0, 0, 40,42 514 €,2 586, 100,1 215, 0,9 231, 0,41 660 €
Orissaare Kogudus,Saaremaa vald,vald56,Saarte,2018, 306, 8, 3, 8, 4, 1, 0, 0, 26,65 742 €,2 033, 0, 510,2 765,29 455, 0,64 633 €
Orissaare Kogudus,Saaremaa vald,vald56,Saarte,2019, 306, 9, 0, 8, 1, 0, 0, 0, 29,74 260 €,2 988, 0,1 255,1 000,32 882, 0,75 388 €
Orissaare Kogudus,Saaremaa vald,vald56,Saarte,2020, 315, 11, 2, 11, 1, 1, 0, 0, 41,47 526 €,3 052, 0,2 620,4 166,10 141, 0,47 944 €
Otepää Maarja Kogudus,Otepää vald,vald3,Valga,2017, 475, 45, 10, 57, 7, 5, 0, 0, 251,45 185 €,5 228,2 029, 440,35 600, 0, 300,43 870 €
Otepää Maarja Kogudus,Otepää vald,vald3,Valga,2018, 600, 50, 8, 59, 5, 5, 0, 0, 226,27 147 €,5 266,2 085, 95,19 200, 0, 500,29 641 €
Otepää Maarja Kogudus,Otepää vald,vald3,Valga,2019, 520, 50, 11, 51, 6, 3, 0, 0, 215,11 416 €,6 713,1 996, 130,2 000, 0, 500,12 150 €
Otepää Maarja Kogudus,Otepää vald,vald3,Valga,2020, 523, 15, 6, 60, 6, 5, 0, 0, 221,24 199 €,8 441,1 174, 90,4 345, 0,10 000,8 613 €
Paide Püha Risti Kogudus,Paide linn,vald23,Järva,2017, 510, 26, 0, 7, 0, 0, 0, 0, 78,38 631 €,4 482,1 855, 100,14 000,3 160,1 001,42 932 €
Paide Püha Risti Kogudus,Paide linn,vald23,Järva,2018, 512, 30, 4, 2, 0, 0, 0, 0, 55,47 086 €,4 998,4 627, 100,19 500,2 061, 500,47 999 €
Paide Püha Risti Kogudus,Paide linn,vald23,Järva,2019, 520, 32, 6, 8, 3, 0, 0, 0, 54,96 076 €,5 198,4 310,1 290,79 975,1 855, 150,96 315 €
Paide Püha Risti Kogudus,Paide linn,vald23,Järva,2020, 152, 15, 6, 5, 0, 0, 0, 0, 52,39 179 €,5 397,2 015, 950,23 620,2 782, 0,36 495 €
Paistu Maarja Kogudus,Viljandi vald,vald21,Viljandi,2017, 48, 14, 0, 5, 0, 0, 0, 0, 48,39 038 €,1 390,2 491, 120,4 150,2 144, 900,38 334 €
Paistu Maarja Kogudus,Viljandi vald,vald21,Viljandi,2018, 158, 14, 0, 3, 0, 0, 0, 0, 46,31 896 €,1 275,2 735, 70,2 298,2 658,4 657,31 210 €
Paistu Maarja Kogudus,Viljandi vald,vald21,Viljandi,2019, 151, 10, 2, 1, 0, 0, 0, 0, 41,14 218 €,1 870,2 671, 0,1 800,2 974, 250,18 903 €
Paistu Maarja Kogudus,Viljandi vald,vald21,Viljandi,2020, 177, 8, 0, 4, 0, 0, 0, 0, 33,11 454 €,1 705,1 627, 0,4 594,3 417, 0,12 339 €
Palamuse Püha Bartholomeuse Kogudus,Jõgeva vald,vald68,Tartu,2017, 200, 19, 2, 10, 0, 0, 0, 9, 46,38 133 €,2 108,4 312, 600,1 437,23 744,5 932,33 437 €
Palamuse Püha Bartholomeuse Kogudus,Jõgeva vald,vald68,Tartu,2018, 200, 22, 5, 22, 1, 1, 0, 8, 49,38 062 €,2 583,2 394, 280,1 200,21 714,9 092,36 329 €
Palamuse Püha Bartholomeuse Kogudus,Jõgeva vald,vald68,Tartu,2019, 200, 15, 2, 15, 0, 0, 0, 10, 39,39 601 €,1 752,5 200, 195,6 110,18 846,6 219,39 935 €
Palamuse Püha Bartholomeuse Kogudus,Jõgeva vald,vald68,Tartu,2020, 200, 9, 1, 12, 1, 1, 0, 10, 41,40 014 €,2 207,2 570, 70,4 550,16 586,7 950,48 887 €
Paldiski Nikolai Kogudus,Lääne-Harju vald,vald55,Lääne-Harju,2017, 130, 6, 0, 1, 0, 0, 0, 0, 16,11 280 €, 530,1 526, 50,1 680, 0,5 638,9 966 €
Paldiski Nikolai Kogudus,Lääne-Harju vald,vald55,Lääne-Harju,2018, 128, 6, 0, 0, 0, 0, 0, 0, 17,8 377 €, 539, 726, 0, 700, 0,5 953,22 459 €
Paldiski Nikolai Kogudus,Lääne-Harju vald,vald55,Lääne-Harju,2019, 128, 6, 0, 1, 0, 0, 0, 0, 14,8 631 €, 492,1 020, 50, 350, 0,5 429,10 316 €
Paldiski Nikolai Kogudus,Lääne-Harju vald,vald55,Lääne-Harju,2020, 128, 6, 0, 1, 0, 0, 0, 0, 18,7 122 €, 665, 570, 50, 550, 0,5 167,5 242 €
Pärnu Eliisabeti Kogudus,Pärnu linn,vald57,Pärnu,2017,6 000, 50, 16, 50, 5, 0, 0, 20,1 444,492 453 €,27 231,39 438,5 913,21 000,106 700,3 400,319 403 €
Pärnu Eliisabeti Kogudus,Pärnu linn,vald57,Pärnu,2018,5 983, 60, 19, 43, 7, 0, 0, 12,1 157,298 137 €,25 377,25 749,5 926,115 821,111 991,3 900,393 400 €
Pärnu Eliisabeti Kogudus,Pärnu linn,vald57,Pärnu,2019,5 978, 61, 32, 37, 2, 0, 0, 12,1 076,296 583 €,28 068,20 123,6 625,91 852,118 010,3 500,292 394 €
Pärnu Eliisabeti Kogudus,Pärnu linn,vald57,Pärnu,2020,5 874, 46, 16, 27, 2, 0, 0, 8, 823,312 258 €,28 319,24 981,5 589,180 113,69 774,2 500,282 479 €
Pärnu-Jakobi Kogudus,Põhja-Pärnumaa vald,vald12,Pärnu,2017,1 000, 7, 0, 13, 0, 0, 0, 0, 161,26 786 €,4 491, 984, 965,7 696,10 086,2 364,21 994 €
Pärnu-Jakobi Kogudus,Põhja-Pärnumaa vald,vald12,Pärnu,2018, 0, 6, 0, 11, 1, 0, 0, 0, 139,33 423 €,3 748, 868,1 315,13 184,11 474, 964,28 001 €
Pärnu-Jakobi Kogudus,Põhja-Pärnumaa vald,vald12,Pärnu,2019, 950, 18, 6, 14, 1, 0, 0, 0, 141,44 432 €,4 721,2 812,1 915,10 626,8 485,2 908,44 065 €
Pärnu-Jakobi Kogudus,Põhja-Pärnumaa vald,vald12,Pärnu,2020, 968, 11, 2, 12, 0, 0, 0, 0, 109,68 527 €,3 290,3 641,1 450,17 429,40 042,1 448,36 310 €
Petseri Peetri Kogudus,Pihkva oblast,0,Võru,2017, 15, 3, 0, 1, 0, 0, 0, 0, 12, 424 €, 196, 6, 0, 0, 0, 0, 247 €
Petseri Peetri Kogudus,Pihkva oblast,0,Võru,2018, 12, 2, 0, 1, 0, 0, 0, 0, 12,1 832 €, 210, 415, 0, 0, 0, 0,1 816 €
Petseri Peetri Kogudus,Pihkva oblast,0,Võru,2020, 38, 2, 0, 1, 0, 0, 0, 0, 11,-,-,-,-,-,-,-,-
Petseri Peetri Kogudus,Pihkva oblast,0,Võru,2019, 21, 2, 0, 0, 0, 0, 0, 0, 11,3 344 €, 154, 312, 0,2 543, 0, 0,1 777 €
Piirsalu Kogudus,Lääne-Nigula vald,vald52,Lääne,2017, 390, 13, 1, 2, 0, 0, 0, 0, 43,6 658 €,3 975, 405, 150, 0, 685, 300,6 769 €
Piirsalu Kogudus,Lääne-Nigula vald,vald52,Lääne,2018, 110, 15, 1, 1, 0, 0, 0, 0, 44,8 103 €,3 935, 645, 155, 0, 659,1 120,5 691 €
Piirsalu Kogudus,Lääne-Nigula vald,vald52,Lääne,2019, 110, 15, 2, 1, 0, 0, 0, 0, 41,6 801 €,4 250, 405, 150, 0, 917, 600,8 067 €
Piirsalu Kogudus,Lääne-Nigula vald,vald52,Lääne,2020, 91, 10, 0, 2, 0, 0, 0, 0, 40,8 940 €,5 339, 375, 25,2 030, 917, 0,7 142 €
Pilistvere Andrease Kogudus,Põhja-Sakala vald,vald22,Viljandi,2017, 561, 39, 9, 23, 0, 0, 15, 0, 72,191 932 €,2 735,3 882,4 371,28 550,1 064,87 338,193 165 €
Pilistvere Andrease Kogudus,Põhja-Sakala vald,vald22,Viljandi,2018, 552, 36, 2, 18, 0, 0, 19, 0, 82,183 362 €,3 472,2 882,3 194,13 198, 0,87 644,187 664 €
Pilistvere Andrease Kogudus,Põhja-Sakala vald,vald22,Viljandi,2019, 550, 37, 10, 19, 0, 0, 14, 0, 69,178 679 €,3 571,2 125,1 650,21 500,2 128,79 489,178 116 €
Pilistvere Andrease Kogudus,Põhja-Sakala vald,vald22,Viljandi,2020, 551, 16, 1, 16, 1, 0, 15, 0, 83,125 728 €,3 337,1 763, 650,23 000,1 064,51 059,99 088 €
Pindi Kogudus,Võru vald,vald60,Võru,2017, 700, 20, 13, 28, 1, 0, 0, 0, 264,35 272 €,10 432,5 834,1 161,8 485, 684, 0,34 897 €
Pindi Kogudus,Võru vald,vald60,Võru,2018, 700, 20, 24, 34, 4, 0, 0, 0, 270,27 929 €,10 586,6 034,1 567,8 330, 568, 0,26 291 €
Pindi Kogudus,Võru vald,vald60,Võru,2019, 500, 20, 10, 24, 1, 0, 0, 0, 252,50 975 €,11 236,9 621,1 557,26 796, 913, 0,45 590 €
Pindi Kogudus,Võru vald,vald60,Võru,2020, 700, 15, 19, 35, 2, 0, 0, 0, 245,47 908 €,11 197,6 773,1 625,24 705,1 842, 0,49 927 €
Pöide Maarja Kogudus,Saaremaa vald,vald56,Saarte,2017, 80, 20, 2, 3, 0, 0, 0, 0, 28,9 646 €,1 528,2 035, 0,1 296, 801,1 104,11 319 €
Pöide Maarja Kogudus,Saaremaa vald,vald56,Saarte,2018, 75, 16, 0, 7, 0, 0, 0, 0, 27,8 381 €,1 396,3 134, 0,1 700, 801, 0,5 982 €
Pöide Maarja Kogudus,Saaremaa vald,vald56,Saarte,2019, 75, 16, 0, 2, 0, 0, 0, 0, 22,12 033 €,1 125,2 503, 100,3 338, 801, 0,19 134 €
Pöide Maarja Kogudus,Saaremaa vald,vald56,Saarte,2020, 75, 10, 0, 1, 0, 0, 0, 0, 29,21 604 €,1 645,3 082, 50,1 541, 801, 0,14 541 €
Põltsamaa Niguliste Kogudus,Põltsamaa vald,vald67,Viljandi,2017,3 500, 52, 20, 48, 3, 1, 10, 37, 827,151 720 €,19 662,17 980,6 745,23 500,26 777,24 354,175 818 €
Põltsamaa Niguliste Kogudus,Põltsamaa vald,vald67,Viljandi,2018,3 500, 46, 16, 48, 6, 5, 5, 39, 805,155 577 €,21 207,16 432,6 454,26 700,19 940,30 473,148 857 €
Põltsamaa Niguliste Kogudus,Põltsamaa vald,vald67,Viljandi,2019,3 500, 42, 19, 62, 1, 1, 7, 30, 761,148 460 €,21 212,21 306,5 638,24 510,19 000,31 718,139 000 €
Põltsamaa Niguliste Kogudus,Põltsamaa vald,vald67,Viljandi,2020,3 500, 0, 12, 55, 4, 4, 0, 28, 750,142 292 €,23 022,13 374,7 202,29 222,11 984,43 890,191 725 €
Põlva Püha Neitsi Maarja Kogudus,Põlva vald,vald13,Võru,2017,1 500, 32, 5, 24, 4, 0, 6, 21, 256,118 832 €,9 615,3 759, 690,21 557,80 424, 0,146 657 €
Põlva Püha Neitsi Maarja Kogudus,Põlva vald,vald13,Võru,2018,1 200, 35, 29, 63, 3, 0, 8, 25, 244,90 353 €,10 076,4 011,1 845,17 800,56 148, 0,167 322 €
Põlva Püha Neitsi Maarja Kogudus,Põlva vald,vald13,Võru,2019,2 700, 38, 2, 72, 2, 0, 8, 27, 258,113 512 €,12 549,3 382,1 849,30 000,64 569, 0,121 917 €
Põlva Püha Neitsi Maarja Kogudus,Põlva vald,vald13,Võru,2020,2 650, 29, 4, 70, 5, 0, 9, 13, 253,220 337 €,13 278,2 418,3 465,111 161,84 039, 0,182 944 €
Prangli Laurentsiuse Kogudus,Viimsi vald,vald42,Ida-Harju,2017, 30, 4, 0, 0, 0, 0, 0, 0, 12,1 807 €, 405, 0, 0,1 400, 0, 0, 138 €
Prangli Laurentsiuse Kogudus,Viimsi vald,vald42,Ida-Harju,2018, 50, 10, 0, 1, 0, 0, 0, 0, 12,3 644 €, 847, 625, 0,2 100, 0, 0, 720 €
Prangli Laurentsiuse Kogudus,Viimsi vald,vald42,Ida-Harju,2019, 80, 12, 5, 2, 0, 0, 0, 0, 10,1 826 €, 435,1 360, 0, 0, 0, 0, 356 €
Prangli Laurentsiuse Kogudus,Viimsi vald,vald42,Ida-Harju,2020, 80, 22, 1, 1, 0, 0, 0, 0, 9,3 521 €, 610, 0, 25,2 840, 0, 0,11 707 €
Püha Jakobi Kogudus,Saaremaa vald,vald56,Saarte,2017, 492, 29, 6, 9, 2, 1, 0, 44, 216,60 550 €,6 015,3 025,1 665,2 850,3 567,15 660,53 214 €
Püha Jakobi Kogudus,Saaremaa vald,vald56,Saarte,2018, 489, 24, 0, 7, 3, 3, 0, 49, 215,72 604 €,7 725,2 469,1 205,7 700,4 350,18 759,86 167 €
Püha Jakobi Kogudus,Saaremaa vald,vald56,Saarte,2019, 490, 24, 8, 5, 3, 2, 2, 47, 214,182 067 €,7 728,2 506,1 240,106 700,4 778,5 402,178 936 €
Püha Jakobi Kogudus,Saaremaa vald,vald56,Saarte,2020, 490, 16, 5, 6, 3, 2, 0, 6, 209,64 784 €,8 753,1 751,1 540,30 400,5 923,14 754,59 846 €
Pühajõe Maarja Kogudus,Toila vald,vald77,Viru,2017, 161, 11, 3, 1, 0, 0, 0, 25, 39,6 027 €,2 009,1 393, 275, 960, 0,1 390,6 337 €
Pühajõe Maarja Kogudus,Toila vald,vald77,Viru,2018, 157, 11, 0, 0, 2, 1, 0, 14, 35,30 859 €,1 820,1 209, 300, 960, 250,1 240,2 915 €
Pühajõe Maarja Kogudus,Toila vald,vald77,Viru,2019, 156, 11, 1, 1, 0, 0, 0, 19, 34,57 423 €,2 262,4 000, 275,11 000, 180,1 468,79 313 €
Pühajõe Maarja Kogudus,Toila vald,vald77,Viru,2020, 200, 9, 1, 2, 1, 0, 0, 12, 29,6 258 €,2 268, 930, 155, 910, 560,1 435,9 597 €
Pühalepa Laurentsiuse Kogudus,Hiiumaa vald,vald46,Saarte,2017, 150, 13, 1, 3, 2, 2, 0, 0, 17,6 863 €,1 222,1 524, 598,1 500,1 025, 594,6 740 €
Pühalepa Laurentsiuse Kogudus,Hiiumaa vald,vald46,Saarte,2018, 150, 13, 2, 3, 1, 1, 0, 0, 17,7 023 €,1 282,1 668, 630,1 150,1 531, 237,4 828 €
Pühalepa Laurentsiuse Kogudus,Hiiumaa vald,vald46,Saarte,2019, 150, 11, 0, 1, 0, 0, 0, 0, 19,13 034 €,1 192,1 404, 300,8 250,1 110, 276,11 633 €
Pühalepa Laurentsiuse Kogudus,Hiiumaa vald,vald46,Saarte,2020, 150, 7, 0, 2, 1, 1, 0, 0, 18,5 179 €,1 134, 891, 570,1 369, 880, 0,5 156 €
Puhja Kogudus,Elva vald,vald14,Valga,2017, 240, 16, 2, 6, 0, 0, 0, 29, 51,20 726 €,2 283,3 098, 0,1 670, 0,7 822,18 412 €
Puhja Kogudus,Elva vald,vald14,Valga,2018, 230, 16, 1, 4, 2, 2, 0, 20, 50,40 007 €,2 864,2 439, 0,2 464, 0,5 458,40 959 €
Puhja Kogudus,Elva vald,vald14,Valga,2019, 240, 15, 8, 6, 1, 1, 0, 37, 57,130 961 €,4 093,7 932, 0,47 036, 0,4 127,123 625 €
Puhja Kogudus,Elva vald,vald14,Valga,2020, 269, 10, 10, 5, 1, 1, 0, 33, 60,254 261 €,3 790,6 598, 0,228 528, 0,3 940,255 785 €
Rakvere Kolmainu Kogudus,Rakvere linn,vald28,Viru,2017, 993, 64, 24, 21, 6, 6, 0, 12, 211,99 143 €,19 758,6 679,4 045,2 800,23 034,1 250,113 287 €
Rakvere Kolmainu Kogudus,Rakvere linn,vald28,Viru,2018,1 074, 51, 10, 15, 9, 5, 0, 11, 200,102 794 €,20 983,11 129,2 845,15 000,24 370, 0,120 752 €
Rakvere Kolmainu Kogudus,Rakvere linn,vald28,Viru,2019,1 048, 59, 36, 22, 2, 2, 0, 8, 214,169 883 €,19 315,8 189,4 340,42 219,17 197,1 600,163 229 €
Rakvere Kolmainu Kogudus,Rakvere linn,vald28,Viru,2020,1 082, 40, 23, 14, 7, 6, 0, 12, 216,373 675 €,21 996,8 507,4 275,263 724,18 633, 0,441 499 €
Randvere Kogudus,Viimsi vald,vald42,Ida-Harju,2017, 92, 16, 0, 1, 0, 0, 0, 0, 52,16 578 €,2 337,3 147, 150,10 567, 0, 0,12 942 €
Randvere Kogudus,Viimsi vald,vald42,Ida-Harju,2018, 96, 16, 0, 1, 2, 0, 0, 0, 49,10 036 €,2 555,2 436, 563,1 977, 0,2 189,11 963 €
Randvere Kogudus,Viimsi vald,vald42,Ida-Harju,2019, 92, 15, 0, 5, 0, 0, 0, 0, 50,9 651 €,2 790,1 932, 630,2 991, 173, 501,8 639 €
Randvere Kogudus,Viimsi vald,vald42,Ida-Harju,2020, 90, 12, 0, 3, 0, 0, 0, 0, 43,10 464 €,2 830,2 260, 250,4 020, 0, 0,10 556 €
Rannamõisa Kogudus,Harku vald,vald34,Lääne-Harju,2017, 700, 47, 9, 19, 3, 0, 25, 24, 118,47 851 €,4 341,39 300, 960, 0,2 199,1 000,43 415 €
Rannamõisa Kogudus,Harku vald,vald34,Lääne-Harju,2018, 700, 45, 6, 17, 3, 0, 20, 20, 125,47 751 €,4 366,37 495,1 182, 0,1 045,3 606,45 674 €
Rannamõisa Kogudus,Harku vald,vald34,Lääne-Harju,2019, 700, 45, 10, 26, 1, 0, 25, 17, 105,56 695 €,5 735,39 880,1 257,5 112,2 230,2 259,54 679 €
Rannamõisa Kogudus,Harku vald,vald34,Lääne-Harju,2020, 700, 35, 4, 13, 2, 0, 8, 15, 118,54 827 €,9 717,40 702, 831,2 180, 595, 800,58 676 €
Rannu Püha Martini Kogudus,Elva vald,vald14,Valga,2017, 140, 6, 0, 3, 0, 0, 0, 0, 18,20 874 €, 390, 191, 80,9 641,4 158,5 064,18 242 €
Rannu Püha Martini Kogudus,Elva vald,vald14,Valga,2018, 140, 14, 2, 2, 0, 0, 0, 45, 14,12 301 €, 665, 881, 330,2 000,2 254, 0,11 021 €
Rannu Püha Martini Kogudus,Elva vald,vald14,Valga,2019, 153, 22, 5, 9, 0, 0, 0, 10, 31,40 565 €,3 730,3 270, 250,29 582,2 254,1 278,36 095 €
Rannu Püha Martini Kogudus,Elva vald,vald14,Valga,2020, 163, 12, 6, 5, 0, 0, 0, 8, 36,30 749 €,3 836, 195, 100,11 576, 350,2 016,42 306 €
Räpina Miikaeli Kogudus,Räpina vald,vald69,Võru,2017,1 650, 45, 10, 41, 3, 2, 7, 12, 485,346 098 €,14 103,9 781,3 250,5 860,2 409,1 977,349 287 €
Räpina Miikaeli Kogudus,Räpina vald,vald69,Võru,2018, 950, 45, 10, 43, 3, 3, 8, 12, 450,320 710 €,15 468,8 659,2 630,5 236,2 814,9 539,317 147 €
Räpina Miikaeli Kogudus,Räpina vald,vald69,Võru,2019,1 500, 45, 10, 35, 3, 3, 5, 15, 435,381 757 €,15 437,9 866,2 950,5 230,2 699,1 974,331 782 €
Räpina Miikaeli Kogudus,Räpina vald,vald69,Võru,2020,1 500, 30, 8, 37, 3, 2, 5, 15, 400,382 557 €,15 418,9 097,2 295,18 280,2 409, 828,328 858 €
Rapla Maarja-Magdaleena Kogudus,Rapla vald,vald72,Lääne-Harju,2017,2 300, 65, 40, 66, 14, 14, 0, 9, 514,197 355 €,30 886,9 659,8 608,27 996,1 200,3 044,181 691 €
Rapla Maarja-Magdaleena Kogudus,Rapla vald,vald72,Lääne-Harju,2018,2 200, 63, 26, 67, 8, 7, 0, 10, 484,205 461 €,32 669,10 461,7 668,51 716,3 686,2 731,204 998 €
Rapla Maarja-Magdaleena Kogudus,Rapla vald,vald72,Lääne-Harju,2019,2 100, 52, 16, 50, 6, 5, 0, 10, 456,163 049 €,34 801,13 314,5 356,28 623,4 522, 0,173 095 €
Rapla Maarja-Magdaleena Kogudus,Rapla vald,vald72,Lääne-Harju,2020,2 100, 38, 24, 63, 4, 3, 0, 4, 450,192 744 €,39 437,11 268,6 224,37 055,95 215, 0,177 747 €
Reigi Jeesuse Kogudus,Hiiumaa vald,vald46,Saarte,2017, 350, 21, 4, 7, 1, 1, 0, 0, 77,17 881 €,3 365,2 440, 706,6 500,2 172,1 158,20 110 €
Reigi Jeesuse Kogudus,Hiiumaa vald,vald46,Saarte,2018, 350, 19, 1, 13, 1, 1, 0, 0, 75,23 876 €,3 859,2 395, 700, 0,2 721, 199,48 324 €
Reigi Jeesuse Kogudus,Hiiumaa vald,vald46,Saarte,2019, 350, 21, 0, 15, 2, 2, 0, 0, 69,51 201 €,3 767,3 174,1 800,18 942,1 979,1 165,40 295 €
Reigi Jeesuse Kogudus,Hiiumaa vald,vald46,Saarte,2020, 300, 12, 2, 9, 0, 0, 0, 0, 62,41 304 €,3 393,2 791,1 070,30 174,2 399, 0,45 149 €
Ridala Püha Maarja Magdaleena Kogudus,Haapsalu linn,vald53,Lääne,2017, 409, 17, 4, 2, 2, 2, 0, 4, 56,32 615 €,3 452,2 137, 595,3 705,1 166,10 670,31 322 €
Ridala Püha Maarja Magdaleena Kogudus,Haapsalu linn,vald53,Lääne,2018, 414, 17, 6, 2, 2, 0, 0, 6, 44,31 957 €,4 263,2 328, 799,6 956,1 215,10 441,30 365 €
Ridala Püha Maarja Magdaleena Kogudus,Haapsalu linn,vald53,Lääne,2019, 464, 19, 10, 5, 1, 1, 0, 4, 55,47 358 €,5 892,2 313,1 088,1 997,1 328,6 059,50 312 €
Ridala Püha Maarja Magdaleena Kogudus,Haapsalu linn,vald53,Lääne,2020, 471, 14, 5, 6, 0, 0, 0, 5, 43,32 430 €,4 785,2 694, 555,8 392, 325,8 479,34 319 €
Risti Kogudus,Lääne-Harju vald,vald55,Lääne-Harju,2017, 764, 46, 24, 25, 5, 0, 48, 15, 312,81 037 €,15 875,29 311,3 871,4 969,7 067,9 396,80 362 €
Risti Kogudus,Lääne-Harju vald,vald55,Lääne-Harju,2018, 847, 41, 24, 19, 2, 0, 22, 18, 325,105 844 €,19 705,7 678,2 595,7 569,3 525,16 531,126 732 €
Risti Kogudus,Lääne-Harju vald,vald55,Lääne-Harju,2019, 901, 45, 19, 28, 3, 0, 59, 24, 341,95 174 €,22 747,5 079,5 668,1 844,5 386,6 015,66 223 €
Risti Kogudus,Lääne-Harju vald,vald55,Lääne-Harju,2020, 909, 37, 36, 36, 2, 0, 5, 46, 374,136 895 €,28 754,6 781,8 378,57 222,6 580,10 569,-129 751 €
Rõngu Mihkli Kogudus,Elva vald,vald14,Valga,2017, 200, 26, 7, 14, 2, 0, 10, 0, 84,14 101 €,1 950,3 526, 240,3 425,3 774, 741,9 071 €
Rõngu Mihkli Kogudus,Elva vald,vald14,Valga,2018, 200, 26, 6, 13, 0, 0, 5, 0, 90,20 363 €,1 703,4 791, 280,4 493,4 999, 600,13 817 €
Rõngu Mihkli Kogudus,Elva vald,vald14,Valga,2019, 200, 26, 3, 13, 1, 1, 0, 0, 91,15 562 €,2 345,3 116, 100,1 200,5 661,1 031,28 492 €
Rõngu Mihkli Kogudus,Elva vald,vald14,Valga,2020, 200, 12, 0, 12, 0, 0, 0, 0, 86,23 460 €,1 365,2 443, 350,8 614,6 101, 0,36 463 €
Roosa Jakobi Kogudus,Rõuge vald,vald64,Võru,2017, 60, 11, 0, 3, 0, 0, 0, 0, 18, 0 €, 0, 0, 0, 0, 0, 0, 0 €
Roosa Jakobi Kogudus,Rõuge vald,vald64,Võru,2018, 58, 13, 0, 3, 0, 0, 0, 0, 22, 80 €, 80, 0, 0, 0, 0, 0, 191 €
Roosa Jakobi Kogudus,Rõuge vald,vald64,Võru,2019, 58, 15, 0, 3, 0, 0, 0, 0, 21, 50 €, 50, 0, 0, 0, 0, 0, 133 €
Roosa Jakobi Kogudus,Rõuge vald,vald64,Võru,2020, 59, 5, 0, 3, 0, 0, 0, 0, 22,1 712 €, 310, 55, 50, 675, 0, 0,1 190 €
Tallinna Rootsi-Mihkli Kogudus,Tallinna linn,vald32,Tallinna,2017, 436, 58, 6, 8, 10, 0, 0, 18, 174,120 951 €,14 676,7 181,1 797,1 400,51 500,16 309,112 937 €
Tallinna Rootsi-Mihkli Kogudus,Tallinna linn,vald32,Tallinna,2018, 448, 60, 5, 6, 7, 0, 0, 23, 196,138 015 €,8 657,8 487,1 550,10 800,52 545,14 373,135 706 €
Tallinna Rootsi-Mihkli Kogudus,Tallinna linn,vald32,Tallinna,2019, 462, 65, 7, 7, 6, 0, 0, 23, 198,109 986 €,10 979,5 726,1 570,2 000,48 451,22 026,123 827 €
Tallinna Rootsi-Mihkli Kogudus,Tallinna linn,vald32,Tallinna,2020, 469, 18, 3, 9, 2, 0, 0, 24, 208,124 166 €,5 741,5 741,1 835,3 840,57 912,28 473,116 162 €
Rõuge Maarja Kogudus,Rõuge vald,vald64,Võru,2017,2 503, 49, 25, 42, 7, 7, 0, 12, 340,25 385 €,12 069,2 146, 170,3 200, 969, 0,24 684 €
Rõuge Maarja Kogudus,Rõuge vald,vald64,Võru,2018,2 508, 45, 38, 32, 10, 10, 0, 15, 327,35 321 €,12 186,2 783,1 675,3 300,1 548, 0,29 412 €
Rõuge Maarja Kogudus,Rõuge vald,vald64,Võru,2019,2 500, 48, 30, 30, 7, 7, 0, 0, 321,34 458 €,12 730,3 608, 750,3 300,1 930, 0,37 027 €
Rõuge Maarja Kogudus,Rõuge vald,vald64,Võru,2020,2 500, 12, 22, 27, 5, 5, 3, 0, 286,156 336 €,12 663,3 936, 910,3 300,2 102,116 000,40 296 €
Ruhnu Püha Magdaleena Kogudus,Ruhnu vald,vald50,Saarte,2017, 50, 15, 2, 1, 0, 0, 0, 0, 14,10 682 €, 312,8 611, 481, 0,1 240, 0,5 404 €
Ruhnu Püha Magdaleena Kogudus,Ruhnu vald,vald50,Saarte,2018, 50, 5, 0, 0, 1, 1, 0, 0, 13,15 119 €, 359,1 831, 100,6 404,6 325, 0,14 753 €
Ruhnu Püha Magdaleena Kogudus,Ruhnu vald,vald50,Saarte,2019, 50, 28, 1, 3, 1, 0, 0, 0, 14,21 250 €, 689,2 375, 900,11 131,6 155, 0,20 461 €
Ruhnu Püha Magdaleena Kogudus,Ruhnu vald,vald50,Saarte,2020, 61, 7, 2, 0, 0, 0, 0, 0, 20,12 089 €, 690,1 839, 50,2 050, 0, 0,10 461 €
Saarde Katariina Kogudus,Saarde vald,vald10,Pärnu,2017, 830, 50, 3, 18, 1, 0, 8, 780, 60,86 067 €,1 686,17 850,3 540,1 297, 0,26 847,79 436 €
Saarde Katariina Kogudus,Saarde vald,vald10,Pärnu,2018, 832, 50, 0, 18, 1, 0, 8, 700, 61,29 636 €,1 525,13 405,1 150,1 250, 0,10 219,34 035 €
Saarde Katariina Kogudus,Saarde vald,vald10,Pärnu,2019, 830, 8, 13, 27, 0, 0, 10, 97, 40,54 874 €,1 760, 0,3 120,6 750, 0,15 884,48 862 €
Saarde Katariina Kogudus,Saarde vald,vald10,Pärnu,2020, 803, 15, 4, 18, 0, 0, 0, 76, 64,67 062 €,2 004,16 632,2 480,12 826,3 500,29 620,63 783 €
Saaremaa Jaani Kogudus,Saaremaa vald,vald56,Saarte,2017, 90, 15, 0, 1, 0, 0, 0, 0, 18,1 140 €, 535, 352, 50, 0, 200, 0,5 978 €
Saaremaa Jaani Kogudus,Saaremaa vald,vald56,Saarte,2018, 80, 16, 0, 3, 0, 0, 0, 0, 18,2 370 €, 640, 480, 50,1 000, 200, 0,1 327 €
Saaremaa Jaani Kogudus,Saaremaa vald,vald56,Saarte,2019, 75, 18, 1, 4, 0, 0, 0, 0, 18,2 401 €, 600, 520, 80,1 000, 200, 0,2 134 €
Saaremaa Jaani Kogudus,Saaremaa vald,vald56,Saarte,2020, 75, 9, 1, 1, 0, 0, 0, 0, 17,2 962 €, 875, 360, 0,1 466, 200, 0,1 228 €
Saksa Lunastaja Kogudus,Tallinna linn,vald32,Tallinna,2017, 128, 25, 6, 1, 4, 0, 6, 103, 39,104 970 €,4 914,1 086, 0, 0, 0, 860,103 148 €
Saksa Lunastaja Kogudus,Tallinna linn,vald32,Tallinna,2018, 138, 27, 6, 0, 4, 0, 16, 111, 60,101 358 €,6 371,1 190, 0, 0, 0,91 973,37 987 €
Saksa Lunastaja Kogudus,Tallinna linn,vald32,Tallinna,2019, 138, 27, 2, 4, 1, 0, 21, 109, 60,14 983 €,4 918, 225, 0, 0, 0,9 563,41 920 €
Saksa Lunastaja Kogudus,Tallinna linn,vald32,Tallinna,2020, 138, 12, 2, 4, 2, 0, 9, 76, 60,27 783 €,6 183, 0, 0,1 375, 0,19 972,39 259 €
Saku Toomase Kogudus,Saku vald,vald35,Lääne-Harju,2017, 102, 26, 14, 1, 1, 1, 36, 55, 40,14 987 €,3 358,2 721, 260, 0, 0, 0,16 973 €
Saku Toomase Kogudus,Saku vald,vald35,Lääne-Harju,2018, 119, 28, 11, 0, 0, 0, 85, 80, 39,14 257 €,5 531,4 069, 50, 0, 0, 0,10 047 €
Saku Toomase Kogudus,Saku vald,vald35,Lääne-Harju,2019, 125, 31, 7, 1, 1, 1, 53, 70, 56,20 412 €,5 439,10 535, 125, 0, 0,2 078,19 598 €
Saku Toomase Kogudus,Saku vald,vald35,Lääne-Harju,2020, 131, 22, 4, 2, 1, 1, 20, 33, 58,21 394 €,6 873,4 366, 540,2 980, 0,2 000,15 081 €
Sangaste Püha Andrease Kogudus,Otepää vald,vald3,Valga,2017,2 150, 30, 4, 16, 2, 0, 10, 5, 190,22 037 €,4 194,3 507, 122,1 500, 800,7 710,27 489 €
Sangaste Püha Andrease Kogudus,Otepää vald,vald3,Valga,2018,2 200, 32, 18, 19, 0, 0, 11, 0, 201,22 934 €,4 920,3 760, 315,1 500,1 050,5 509,19 288 €
Sangaste Püha Andrease Kogudus,Otepää vald,vald3,Valga,2019,2 200, 33, 17, 14, 1, 0, 8, 2, 217,101 315 €,5 972,3 666, 460,4 960, 800,11 497,50 017 €
Sangaste Püha Andrease Kogudus,Otepää vald,vald3,Valga,2020,2 220, 22, 6, 34, 0, 0, 0, 4, 198,34 996 €,8 550, 245, 585,10 606, 800,13 908,85 342 €
Saue Pauluse Kogudus,Saue vald,vald4,Lääne-Harju,2019, 18, 16, 0, 0, 0, 0, 0, 24, 18,46 953 €,4 311, 592, 0, 0, 0,10 696,10 620 €
Saue Pauluse Kogudus,Saue vald,vald4,Lääne-Harju,2020, 19, 11, 0, 0, 0, 0, 0, 12, 19,59 083 €,2 710, 834, 0, 620, 0,40 884,25 286 €
Simuna Siimona ja Juuda Kogudus,Väike-Maarja vald,vald29,Viru,2017,2 300, 17, 1, 0, 1, 0, 0, 49, 96,22 962 €,2 905,1 395, 265,2 000, 211,5 776,25 277 €
Simuna Siimona ja Juuda Kogudus,Väike-Maarja vald,vald29,Viru,2018,1 900, 24, 4, 10, 1, 0, 0, 47, 76,95 407 €,2 721,1 562, 595,3 050,70 642,7 857,28 543 €
Simuna Siimona ja Juuda Kogudus,Väike-Maarja vald,vald29,Viru,2019,2 100, 37, 0, 11, 0, 0, 0, 88, 83,46 845 €,3 216,2 228, 370,2 958,14 261,6 168,27 903 €
Simuna Siimona ja Juuda Kogudus,Väike-Maarja vald,vald29,Viru,2020,2 100, 5, 0, 14, 0, 0, 0, 15, 69,26 977 €,2 971,1 247, 210,11 471, 320,3 092,94 807 €
Sindi Kogudus,Tori vald,vald49,Pärnu,2017, 14, 5, 4, 0, 0, 0, 0, 15, 14,4 300 €, 125, 5, 170, 327, 0,3 673,2 265 €
Sindi Kogudus,Tori vald,vald49,Pärnu,2018, 14, 5, 0, 0, 0, 0, 0, 12, 12,3 687 €, 110, 56, 0, 0, 0,3 237,1 994 €
Sindi Kogudus,Tori vald,vald49,Pärnu,2019, 13, 4, 0, 0, 0, 0, 0, 12, 13,3 272 €, 160, 161, 0, 250, 0,2 404,4 527 €
Sindi Kogudus,Tori vald,vald49,Pärnu,2020, 13, 6, 0, 0, 0, 0, 0, 9, 8,3 808 €, 150, 189, 0, 0, 0,2 659,1 722 €
Soome Püha Peetruse Kogudus,Tallinna linn,vald32,Tallinna,2017, 322, 43, 2, 7, 7, 1, 5, 21, 102,41 419 €,3 780,4 884,1 085, 0, 0,31 002,31 448 €
Soome Püha Peetruse Kogudus,Tallinna linn,vald32,Tallinna,2018, 200, 38, 3, 1, 9, 0, 9, 12, 122,45 020 €,3 975,3 788,1 750, 0, 0,33 904,38 592 €
Soome Püha Peetruse Kogudus,Tallinna linn,vald32,Tallinna,2019, 305, 45, 2, 5, 9, 0, 9, 12, 102,41 383 €,3 570,4 714,1 290, 0, 0,30 830,38 313 €
Soome Püha Peetruse Kogudus,Tallinna linn,vald32,Tallinna,2020, 310, 20, 1, 1, 3, 0, 0, 10, 102,37 616 €,4 085, 878, 700, 0, 0,31 024,30 387 €
Suure-Jaani Johannese Kogudus,Põhja-Sakala vald,vald22,Viljandi,2017,1 000, 16, 7, 23, 2, 0, 0, 28, 152,16 277 €,7 964,1 965, 910, 0,1 747,2 000,16 933 €
Suure-Jaani Johannese Kogudus,Põhja-Sakala vald,vald22,Viljandi,2018, 919, 20, 8, 14, 2, 0, 0, 0, 112,23 774 €,6 896,3 268,2 910, 0,4 950,3 500,30 218 €
Suure-Jaani Johannese Kogudus,Põhja-Sakala vald,vald22,Viljandi,2019, 920, 17, 7, 13, 1, 0, 0, 0, 125,34 742 €,6 006,2 236,3 540,9 819,10 813,1 000,26 591 €
Suure-Jaani Johannese Kogudus,Põhja-Sakala vald,vald22,Viljandi,2020, 925, 10, 6, 10, 0, 0, 0, 0, 125,30 485 €,6 796,1 656,2 990,10 870,6 339, 350,41 102 €
Taagepera Jaani Kogudus,Tõrva vald,vald1,Viljandi,2017, 420, 23, 3, 9, 3, 3, 0, 7, 103,6 095 €,1 279,1 546,1 075, 800, 0, 800,4 568 €
Taagepera Jaani Kogudus,Tõrva vald,vald1,Viljandi,2018, 420, 19, 0, 2, 1, 0, 0, 10, 101,6 333 €,1 110,1 818, 830, 700, 0,1 300,5 726 €
Taagepera Jaani Kogudus,Tõrva vald,vald1,Viljandi,2019, 415, 22, 0, 7, 0, 0, 0, 20, 97,32 179 €,1 449,1 494, 475, 700,25 000,2 358,22 039 €
Taagepera Jaani Kogudus,Tõrva vald,vald1,Viljandi,2020, 415, 11, 5, 2, 0, 0, 0, 0, 91,8 400 €,1 542, 795, 680,3 360, 113,1 910,7 395 €
Tahkuranna Kogudus,Häädemeeste vald,vald11,Pärnu,2017, 70, 6, 0, 1, 0, 0, 0, 0, 26,16 010 €, 445, 196, 150, 0, 0,15 200,10 780 €
Tahkuranna Kogudus,Häädemeeste vald,vald11,Pärnu,2018, 70, 5, 0, 1, 0, 0, 0, 0, 18,11 726 €, 335, 282, 0, 0, 0, 0, 978 €
Tahkuranna Kogudus,Häädemeeste vald,vald11,Pärnu,2019, 70, 5, 0, 1, 0, 0, 0, 0, 16,1 879 €, 315, 167, 0, 0, 0,1 183,6 217 €
Tahkuranna Kogudus,Häädemeeste vald,vald11,Pärnu,2020, 70, 5, 0, 0, 0, 0, 0, 0, 16,1 574 €, 190, 127, 0, 0, 0, 464, 793 €
Tallinna Jaani Kogudus,Tallinna linn,vald32,Tallinna,2017,12 108, 350, 139, 106, 19, 13, 32, 32,1 559,370 505 €,115 199,54 160,16 612,5 700,50 835,3 227,379 727 €
Tallinna Jaani Kogudus,Tallinna linn,vald32,Tallinna,2018,12 151, 340, 127, 122, 20, 14, 35, 49,1 534,321 295 €,120 700,64 939,19 272,28 080,26 268,1 015,336 008 €
Tallinna Jaani Kogudus,Tallinna linn,vald32,Tallinna,2019,12 117, 280, 94, 113, 18, 14, 25, 64,1 576,530 710 €,128 459,80 215,16 758,124 309,63 894,1 186,523 818 €
Tallinna Jaani Kogudus,Tallinna linn,vald32,Tallinna,2020,12 082, 200, 71, 125, 16, 10, 2, 26,1 547,443 433 €,143 900,37 687,17 339,35 228,65 891, 0,402 493 €
Tallinna Peeteli Kogudus,Tallinna linn,vald32,Tallinna,2017, 290, 19, 13, 6, 1, 0, 20, 164, 56,39 471 €,1 792,2 717, 260, 0,14 328,8 929,42 464 €
Tallinna Peeteli Kogudus,Tallinna linn,vald32,Tallinna,2018, 272, 18, 6, 1, 0, 0, 23, 69, 48,260 666 €,2 191,5 224, 280,213 099,4 400,11 956,261 077 €
Tallinna Peeteli Kogudus,Tallinna linn,vald32,Tallinna,2019, 283, 20, 1, 0, 2, 0, 0, 0, 61,50 561 €,2 774,10 993, 400, 0,24 319,8 623,38 586 €
Tallinna Peeteli Kogudus,Tallinna linn,vald32,Tallinna,2020, 294, 13, 4, 2, 0, 0, 0, 0, 61,38 064 €,5 349,3 614, 175,1 725,11 800,6 325,-31 182 €
Tallinna Püha Neitsi Maarja Toomkogudus,Tallinna linn,vald32,Tallinna,2017,1 500, 109, 50, 18, 15, 11, 11, 74, 382,138 991 €,453 028,49 360,14 017,7 281, 0,22 748,496 533 €
Tallinna Püha Neitsi Maarja Toomkogudus,Tallinna linn,vald32,Tallinna,2018,1 500, 102, 47, 20, 12, 11, 9, 270, 384,95 487 €,2554 133,73 399,11 545,7 104, 0,1 159,457 716 €
Tallinna Püha Neitsi Maarja Toomkogudus,Tallinna linn,vald32,Tallinna,2019,1 500, 106, 42, 17, 6, 6, 9, 293, 378,2191 903 €,511 432,58 416,12 699,5 265, 0,3 172,495 062 €
Tallinna Püha Neitsi Maarja Toomkogudus,Tallinna linn,vald32,Tallinna,2020,1 500, 44, 27, 13, 6, 4, 11, 20, 370,224 821 €,67 898,11 998,4 110,33 459,21 460,5 475,404 775 €
Tallinna Püha Vaimu Kogudus,Tallinna linn,vald32,Tallinna,2017,2 686, 22, 43, 11, 4, 1, 5, 102, 452,99 652 €,34 218,16 520,2 330,6 000, 0,12 037,88 725 €
Tallinna Püha Vaimu Kogudus,Tallinna linn,vald32,Tallinna,2018,3 495, 27, 35, 16, 6, 6, 35, 43, 361,86 987 €,34 884,15 947,2 490, 0, 0,12 276,89 397 €
Tallinna Püha Vaimu Kogudus,Tallinna linn,vald32,Tallinna,2019,3 512, 23, 15, 16, 6, 3, 5, 73, 367,97 310 €,31 632,16 882,4 130,23 832, 0,7 707,80 853 €
Tallinna Püha Vaimu Kogudus,Tallinna linn,vald32,Tallinna,2020,3 519, 30, 29, 15, 2, 2, 0, 12, 331,79 933 €,45 275,5 408,3 018,22 533, 0,1 095,75 211 €
Tallinna Toompea Kaarli Kogudus,Tallinna linn,vald32,Tallinna,2017,13 544, 179, 151, 120, 21, 16, 14, 70,1 817,1155 863 €,114 739,20 740,10 995,396 148,202 985,12 672,1136 524 €
Tallinna Toompea Kaarli Kogudus,Tallinna linn,vald32,Tallinna,2018,13 700, 178, 124, 114, 24, 17, 12, 90,1 806,1628 079 €,120 784,18 032,10 270,780 111,193 501,10 192,1435 081 €
Tallinna Toompea Kaarli Kogudus,Tallinna linn,vald32,Tallinna,2019,13 919, 180, 153, 122, 29, 26, 19, 336,1 776,2401 166 €,132 491,25 252,15 380,572 453,406 250,11 434,2586 722 €
Tallinna Toompea Kaarli Kogudus,Tallinna linn,vald32,Tallinna,2020,14 123, 88, 127, 117, 19, 17, 0, 38,1 725,1828 631 €,153 971,12 995,10 295,64 236,317 384, 614,2096 111 €
Tamsalu Lunastaja Kogudus,Tapa vald,vald9,Viru,2017, 38, 14, 0, 4, 0, 0, 0, 0, 25, 0 €, 0, 0, 0, 0, 0, 0, 0 €
Tamsalu Lunastaja Kogudus,Tapa vald,vald9,Viru,2018, 36, 12, 3, 4, 0, 0, 0, 0, 18, 0 €, 0, 0, 0, 0, 0, 0, 0 €
Tamsalu Lunastaja Kogudus,Tapa vald,vald9,Viru,2019, 37, 12, 0, 4, 0, 0, 0, 0, 18,1 166 €, 240, 406, 70, 0, 0, 0, 782 €
Tamsalu Lunastaja Kogudus,Tapa vald,vald9,Viru,2020, 34, 9, 0, 3, 0, 0, 0, 0, 11,1 515 €, 395, 50, 0, 620, 450, 0,1 863 €
Tapa Jakobi Kogudus,Tapa vald,vald9,Järva,2017, 650, 21, 1, 8, 1, 0, 0, 10, 90,20 406 €,2 509,2 095, 950,2 830, 420,9 958,17 798 €
Tapa Jakobi Kogudus,Tapa vald,vald9,Järva,2018, 645, 21, 8, 9, 0, 0, 0, 5, 89,16 848 €,2 440,3 490, 780,2 830, 420,6 738,16 507 €
Tapa Jakobi Kogudus,Tapa vald,vald9,Järva,2019, 635, 21, 3, 12, 0, 0, 0, 0, 92,21 250 €,2 936,4 135, 950,2 850, 420,6 459,19 734 €
Tapa Jakobi Kogudus,Tapa vald,vald9,Järva,2020, 630, 16, 7, 5, 1, 0, 0, 0, 70,21 018 €,2 442,5 738, 445,4 795, 420,6 278,16 277 €
Tartu Ülikooli-Jaani Kogudus,Tartu linn,vald16,Tartu,2017, 883, 60, 21, 2, 3, 3, 0, 25, 201,25 070 €,15 491,5 533,1 106, 0,2 940, 0,27 957 €
Tartu Ülikooli-Jaani Kogudus,Tartu linn,vald16,Tartu,2018, 900, 60, 25, 1, 9, 9, 0, 28, 201,28 800 €,15 536,5 549,1 110, 0,3 824, 0,32 650 €
Tartu Ülikooli-Jaani Kogudus,Tartu linn,vald16,Tartu,2019, 913, 60, 14, 7, 3, 3, 0, 17, 208,32 768 €,19 034,6 798,1 359,1 000,3 837, 0,28 721 €
Tartu Ülikooli-Jaani Kogudus,Tartu linn,vald16,Tartu,2020, 929, 28, 27, 4, 2, 2, 0, 40, 222,58 877 €,20 522,7 329,1 466,25 020,2 400, 0,47 499 €
Tartu Maarja Kogudus,Tartu linn,vald16,Tartu,2017,2 389, 42, 7, 13, 3, 3, 8, 12, 220,50 214 €,11 697,7 084,1 370, 0,8 520, 276,45 376 €
Tartu Maarja Kogudus,Tartu linn,vald16,Tartu,2018,2 371, 42, 2, 9, 1, 0, 5, 12, 207,53 381 €,16 207,7 719,1 020, 0,7 655, 276,44 817 €
Tartu Maarja Kogudus,Tartu linn,vald16,Tartu,2019,2 341, 32, 10, 12, 1, 1, 5, 8, 204,79 973 €,15 883,7 407,1 415, 0,17 180,10 600,64 507 €
Tartu Maarja Kogudus,Tartu linn,vald16,Tartu,2020,2 355, 27, 7, 12, 0, 0, 0, 25, 228,77 639 €,20 399,4 000, 610,3 950,10 000,16 546,77 164 €
Tartu Pauluse Kogudus,Tartu linn,vald16,Tartu,2017,6 200, 175, 125, 194, 23, 20, 25, 100,1 347,446 356 €,83 812,68 122,27 049,150 683,17 968,3 825,399 867 €
Tartu Pauluse Kogudus,Tartu linn,vald16,Tartu,2018,6 225, 168, 89, 268, 19, 18, 25, 100,1 326,461 755 €,83 151,68 896,38 335,151 447,22 200,2 918,570 397 €
Tartu Pauluse Kogudus,Tartu linn,vald16,Tartu,2019,6 300, 169, 103, 243, 15, 12, 25, 100,1 336,500 859 €,97 590,75 595,42 016,166 319,21 917,3 402,422 347 €
Tartu Pauluse Kogudus,Tartu linn,vald16,Tartu,2020,6 500, 112, 92, 218, 14, 12, 15, 100,1 331,492 069 €,99 562,67 669,35 330,178 343,22 740,2 000,543 820 €
Tartu Peetri Kogudus,Tartu linn,vald16,Tartu,2017,8 967, 115, 79, 37, 15, 13, 2, 29, 723,149 609 €,43 347,28 535,4 515,18 000, 0,6 754,145 772 €
Tartu Peetri Kogudus,Tartu linn,vald16,Tartu,2018,8 910, 122, 83, 47, 16, 13, 0, 15, 743,145 112 €,42 406,32 857,8 808,10 000, 0,19 553,118 194 €
Tartu Peetri Kogudus,Tartu linn,vald16,Tartu,2019,8 768, 116, 80, 71, 9, 6, 0, 5, 716,138 147 €,43 968,50 513,6 998,15 200, 0,4 208,137 447 €
Tartu Peetri Kogudus,Tartu linn,vald16,Tartu,2020,8 691, 71, 76, 48, 6, 4, 0, 7, 710,135 869 €,45 513,32 335,6 391,47 399, 0,2 231,136 093 €
Tartu Soome Kogudus,Tartu linn,vald16,Tartu,2017, 49, 21, 0, 3, 0, 0, 0, 0, 38, 601 €, 190, 411, 0, 0, 0, 0, 629 €
Tartu Soome Kogudus,Tartu linn,vald16,Tartu,2018, 48, 17, 0, 2, 0, 0, 0, 0, 38, 638 €, 190, 448, 0, 0, 0, 0, 663 €
Tartu Soome Kogudus,Tartu linn,vald16,Tartu,2019, 46, 17, 0, 2, 0, 0, 0, 0, 31, 539 €, 155, 384, 0, 0, 0, 0, 637 €
Tartu Soome Kogudus,Tartu linn,vald16,Tartu,2020, 45, 13, 0, 1, 0, 0, 0, 0, 27,1 349 €, 135, 359, 0, 855, 0, 0,1 477 €
Tarvastu Peetri Kogudus,Viljandi vald,vald21,Viljandi,2017, 361, 14, 0, 9, 0, 0, 0, 0, 83,8 588 €,3 860,1 123, 495, 0,2 882, 228,8 386 €
Tarvastu Peetri Kogudus,Viljandi vald,vald21,Viljandi,2018, 354, 14, 0, 4, 0, 0, 0, 0, 80,19 466 €,4 399,2 100, 880,1 058,3 427,1 750,13 075 €
Tarvastu Peetri Kogudus,Viljandi vald,vald21,Viljandi,2019, 347, 14, 1, 4, 0, 0, 0, 0, 78,12 817 €,3 327,2 018, 435,1 111,3 075,1 235,11 588 €
Tarvastu Peetri Kogudus,Viljandi vald,vald21,Viljandi,2020, 317, 9, 0, 5, 0, 0, 0, 0, 59,14 351 €,3 258, 467, 355,4 871,3 137,1 632,15 266 €
Tori Püha Jüri Kogudus,Tori vald,vald49,Pärnu,2017, 104, 98, 4, 12, 4, 0, 0, 0, 46,37 713 €, 937,6 252, 600, 0,11 952, 792,26 724 €
Tori Püha Jüri Kogudus,Tori vald,vald49,Pärnu,2018, 106, 93, 2, 7, 1, 0, 0, 0, 48,17 452 €,1 217,4 544, 570, 0,10 800, 0,21 410 €
Tori Püha Jüri Kogudus,Tori vald,vald49,Pärnu,2019, 400, 130, 2, 7, 2, 0, 0, 0, 41,117 426 €,1 172,4 290, 510, 250,11 200, 0,51 538 €
Tori Püha Jüri Kogudus,Tori vald,vald49,Pärnu,2020, 112, 7, 2, 8, 0, 0, 0, 0, 38,19 194 €,1 261,3 968, 575,1 035,12 106, 0,107 077 €
Torma Maarja Kogudus,Jõgeva vald,vald68,Tartu,2017,1 000, 25, 0, 13, 0, 0, 0, 8, 168,24 613 €,4 015,1 321, 650, 0,4 549,8 311,18 275 €
Torma Maarja Kogudus,Jõgeva vald,vald68,Tartu,2018,1 000, 24, 0, 14, 0, 0, 0, 8, 166,30 617 €,4 370, 389, 700, 300,3 080,8 662,28 045 €
Torma Maarja Kogudus,Jõgeva vald,vald68,Tartu,2019,1 000, 22, 1, 23, 0, 0, 0, 6, 154,28 826 €,4 127,1 096, 900,3 800,2 890,10 816,24 121 €
Torma Maarja Kogudus,Jõgeva vald,vald68,Tartu,2020,1 000, 17, 0, 9, 0, 0, 0, 5, 141,25 866 €,3 978, 208, 640,8 305,3 220,5 418,24 916 €
Tõstamaa Maarja Kogudus,Pärnu linn,vald57,Pärnu,2017, 94, 14, 1, 2, 0, 0, 0, 0, 26,3 958 €, 500, 841, 140, 0, 0,2 191,5 918 €
Tõstamaa Maarja Kogudus,Pärnu linn,vald57,Pärnu,2018, 93, 19, 1, 3, 0, 0, 0, 0, 24,4 642 €, 460, 915, 95, 0, 0,2 945,6 395 €
Tõstamaa Maarja Kogudus,Pärnu linn,vald57,Pärnu,2019, 90, 13, 0, 6, 0, 0, 0, 0, 21,5 531 €, 540, 623, 450, 0, 0,3 696,7 216 €
Tõstamaa Maarja Kogudus,Pärnu linn,vald57,Pärnu,2020, 90, 6, 0, 1, 0, 0, 0, 0, 21,6 284 €, 580, 680, 0, 0, 100,3 873,7 267 €
Treimani Kogudus,Häädemeeste vald,vald11,Pärnu,2017, 102, 15, 0, 2, 0, 0, 0, 0, 33,1 804 €, 640, 379, 100, 0, 0, 685, 912 €
Treimani Kogudus,Häädemeeste vald,vald11,Pärnu,2018, 102, 11, 0, 1, 0, 0, 0, 0, 30,1 718 €, 635, 215, 170, 0, 0, 408,1 208 €
Treimani Kogudus,Häädemeeste vald,vald11,Pärnu,2019, 101, 10, 0, 0, 0, 0, 0, 0, 27,1 085 €, 530, 275, 50, 0, 0, 0,1 217 €
Treimani Kogudus,Häädemeeste vald,vald11,Pärnu,2020, 100, 9, 0, 0, 0, 0, 0, 0, 29,1 901 €, 520, 185, 40, 0, 0, 131,1 272 €
Tudulinna Rahu Kogudus,Alutaguse vald,vald74,Viru,2017, 125, 12, 0, 1, 0, 0, 0, 0, 24,2 968 €, 415, 754, 0, 0, 0,1 798,3 287 €
Tudulinna Rahu Kogudus,Alutaguse vald,vald74,Viru,2018, 118, 11, 0, 1, 0, 0, 0, 0, 19,2 855 €, 400, 462, 0, 0, 0,1 891,2 436 €
Tudulinna Rahu Kogudus,Alutaguse vald,vald74,Viru,2019, 119, 11, 0, 1, 0, 0, 0, 0, 17,5 449 €, 370, 552, 0, 700, 0,2 253,4 056 €
Tudulinna Rahu Kogudus,Alutaguse vald,vald74,Viru,2020, 110, 5, 0, 0, 0, 0, 0, 0, 23,4 482 €, 335, 391,-, 800,-,2 954,2 596 €
Tuhala Kaarli Kogudus,Kose vald,vald38,Ida-Harju,2017, 225, 14, 3, 0, 3, 0, 5, 13, 65,17 660 €,4 483,2 880,1 160,2 000,1 139,3 916,20 760 €
Tuhala Kaarli Kogudus,Kose vald,vald38,Ida-Harju,2018, 228, 11, 5, 1, 1, 0, 0, 0, 54,26 023 €,7 048,2 990, 305, 0, 655,3 282,23 771 €
Tuhala Kaarli Kogudus,Kose vald,vald38,Ida-Harju,2019, 245, 11, 7, 1, 2, 0, 0, 0, 65,51 162 €,7 026,2 509,1 020, 0, 0,3 000,58 543 €
Tuhala Kaarli Kogudus,Kose vald,vald38,Ida-Harju,2020, 233, 6, 0, 1, 1, 0, 0, 0, 45,66 062 €,5 960,2 350, 895,52 476, 749,3 000,32 454 €
Türi Püha Martini Kogudus,Türi vald,vald71,Järva,2017, 576, 28, 2, 24, 3, 0, 0, 5, 237,72 212 €,9 149,5 923,1 070,41 000,1 385,2 700,72 315 €
Türi Püha Martini Kogudus,Türi vald,vald71,Järva,2018, 570, 36, 4, 20, 1, 0, 0, 10, 225,42 493 €,10 380,10 499,1 060,14 400,1 350,4 105,46 497 €
Türi Püha Martini Kogudus,Türi vald,vald71,Järva,2019, 565, 27, 7, 24, 1, 0, 0, 0, 210,94 321 €,9 217,11 666,1 755,63 372, 670,3 271,89 048 €
Türi Püha Martini Kogudus,Türi vald,vald71,Järva,2020, 565, 13, 1, 7, 0, 0, 0, 0, 203,81 368 €,10 307,13 399, 660,52 035, 0,2 791,74 193 €
Urvaste Püha Urbanuse Kogudus,Antsla vald,vald5,Võru,2017,1 910, 24, 40, 70, 8, 8, 21, 9, 423,134 291 €,9 314,11 663, 536,101 890,3 253,2 952,137 871 €
Urvaste Püha Urbanuse Kogudus,Antsla vald,vald5,Võru,2018,1 880, 24, 34, 68, 6, 5, 11, 11, 408,163 804 €,10 747,18 650,1 019,118 058, 794,3 023,164 956 €
Urvaste Püha Urbanuse Kogudus,Antsla vald,vald5,Võru,2019,1 800, 26, 37, 90, 5, 5, 8, 10, 365,144 621 €,8 424,19 962,2 908,104 100, 794,2 456,146 491 €
Urvaste Püha Urbanuse Kogudus,Antsla vald,vald5,Võru,2020,1 700, 23, 24, 71, 7, 7, 15, 10, 360,86 145 €,10 598,16 840,1 490,39 052,3 633,3 621,75 010 €
Vahastu Kogudus,Rapla vald,vald72,Järva,2017, 95, 3, 0, 1, 0, 0, 0, 0, 26,7 990 €, 510, 370, 200,4 310,2 500, 0,6 066 €
Vahastu Kogudus,Rapla vald,vald72,Järva,2018, 93, 3, 0, 1, 0, 0, 0, 0, 29,41 056 €, 505, 361, 200,4 334,35 553, 0,31 342 €
Vahastu Kogudus,Rapla vald,vald72,Järva,2019, 90, 3, 0, 2, 0, 0, 0, 0, 27,6 883 €, 475, 332, 150,3 060,2 866, 0,6 796 €
Vahastu Kogudus,Rapla vald,vald72,Järva,2020, 86, 3, 0, 0, 0, 0, 0, 0, 22,8 155 €, 430, 865, 0,3 921,2 939, 0,10 062 €
Väike-Maarja Kogudus,Väike-Maarja vald,vald29,Viru,2017,1 244, 12, 1, 2, 0, 0, 0, 47, 22,8 774 €, 651, 429, 40,5 525,1 909, 220,8 727 €
Väike-Maarja Kogudus,Väike-Maarja vald,vald29,Viru,2018, 128, 9, 0, 1, 0, 0, 0, 0, 18,3 049 €, 634, 647, 0, 0,1 552, 215,2 209 €
Väike-Maarja Kogudus,Väike-Maarja vald,vald29,Viru,2019, 43, 12, 2, 4, 1, 0, 0, 3, 23,25 533 €, 821,1 925, 475, 300,1 014, 215,18 071 €
Väike-Maarja Kogudus,Väike-Maarja vald,vald29,Viru,2020, 500, 12, 0, 5, 0, 0, 0, 0, 28,16 272 €,1 450,3 220, 430,2 884, 916, 215,14 956 €
Valga Peetri-Luke Kogudus,Valga vald,vald2,Valga,2017, 680, 27, 7, 69, 0, 0, 0, 5, 101,24 958 €,3 925,6 149,1 370,2 000,7 648, 650,23 470 €
Valga Peetri-Luke Kogudus,Valga vald,vald2,Valga,2018, 340, 28, 5, 64, 1, 0, 0, 4, 90,30 308 €,4 684,4 214, 965,2 000,4 603, 967,31 696 €
Valga Peetri-Luke Kogudus,Valga vald,vald2,Valga,2019, 360, 25, 13, 47, 1, 0, 0, 3, 104,37 368 €,5 442,3 439,1 040,13 853,4 282,1 100,41 462 €
Valga Peetri-Luke Kogudus,Valga vald,vald2,Valga,2020, 370, 23, 6, 40, 1, 0, 2, 3, 107,57 006 €,6 061,2 779, 950,25 302, 150,5 500,55 475 €
Valjala Martini Kogudus,Saaremaa vald,vald56,Saarte,2017, 428, 16, 2, 11, 1, 1, 0, 100, 132,92 913 €,2 914,7 428, 840,59 000,9 653,7 929,86 652 €
Valjala Martini Kogudus,Saaremaa vald,vald56,Saarte,2018, 433, 16, 10, 13, 2, 2, 0, 98, 126,107 924 €,6 180,1 985, 600,64 000,25 643,7 500,92 615 €
Valjala Martini Kogudus,Saaremaa vald,vald56,Saarte,2019, 431, 15, 3, 10, 2, 2, 0, 30, 122,77 181 €,6 414,1 924, 600,6 250,11 480,9 500,80 634 €
Valjala Martini Kogudus,Saaremaa vald,vald56,Saarte,2020, 424, 9, 2, 9, 0, 0, 0, 0, 99,-,-,-,-,-,-,-,-
Vändra Martini Kogudus,Põhja-Pärnumaa vald,vald12,Pärnu,2017, 146, 19, 5, 0, 0, 0, 0, 0, 69,70 851 €,2 479,10 547, 240,1 650,2 643, 0,20 130 €
Vändra Martini Kogudus,Põhja-Pärnumaa vald,vald12,Pärnu,2018, 147, 23, 9, 7, 2, 0, 0, 0, 73,57 275 €,2 765,2 697, 570,10 300,2 957, 0,73 514 €
Vändra Martini Kogudus,Põhja-Pärnumaa vald,vald12,Pärnu,2019, 146, 20, 1, 5, 0, 0, 0, 0, 71,91 592 €,4 763,25 234, 220,1 700,2 430, 0,74 832 €
Vändra Martini Kogudus,Põhja-Pärnumaa vald,vald12,Pärnu,2020, 139, 9, 1, 7, 0, 0, 0, 0, 53,30 182 €,2 741,19 814, 260,3 455,2 928, 0,18 859 €
Vara Brigitta Kogudus,Peipsiääre vald,vald76,Tartu,2017, 70, 18, 1, 0, 1, 0, 0, 0, 31,1 878 €, 195, 738, 70, 0, 0, 0,1 900 €
Vara Brigitta Kogudus,Peipsiääre vald,vald76,Tartu,2018, 64, 16, 0, 3, 0, 0, 0, 0, 32,1 940 €, 204, 857, 30, 0, 0, 0,2 306 €
Vara Brigitta Kogudus,Peipsiääre vald,vald76,Tartu,2019, 63, 14, 0, 2, 0, 0, 0, 0, 30,2 388 €, 195, 973, 0, 0, 0, 0,2 050 €
Vara Brigitta Kogudus,Peipsiääre vald,vald76,Tartu,2020, 60, 6, 0, 1, 0, 0, 0, 0, 27,11 970 €, 250, 249, 0, 835,10 637, 0,3 559 €
Varbla Püha Urbanuse Kogudus,Lääneranna vald,vald48,Lääne,2017, 200, 19, 9, 4, 0, 0, 0, 0, 107,24 354 €,3 274,2 958, 455, 350,14 193,3 113,22 861 €
Varbla Püha Urbanuse Kogudus,Lääneranna vald,vald48,Lääne,2018, 201, 21, 2, 8, 0, 0, 0, 0, 106,8 652 €,3 345,1 452, 600, 350, 0, 0,14 416 €
Varbla Püha Urbanuse Kogudus,Lääneranna vald,vald48,Lääne,2019, 194, 15, 0, 1, 0, 0, 0, 0, 100,9 835 €,3 177,1 868, 60, 950,1 220, 0,9 056 €
Varbla Püha Urbanuse Kogudus,Lääneranna vald,vald48,Lääne,2020, 191, 12, 2, 3, 0, 0, 0, 0, 95,8 160 €,3 048,1 431, 435,2 490, 707, 0,7 864 €
Vastseliina Katariina Kogudus,Võru vald,vald60,Võru,2017,5 000, 28, 12, 46, 1, 1, 3, 65, 480,39 404 €,16 983,3 648,2 299,10 597, 758, 0,37 007 €
Vastseliina Katariina Kogudus,Võru vald,vald60,Võru,2018,5 000, 27, 12, 33, 3, 1, 0, 0, 470,41 221 €,17 177,4 445,1 929,9 250, 565, 0,37 026 €
Vastseliina Katariina Kogudus,Võru vald,vald60,Võru,2019,5 000, 26, 23, 30, 2, 2, 50, 15, 440,45 700 €,17 683,3 548,1 378,4 660, 663, 0,29 754 €
Vastseliina Katariina Kogudus,Võru vald,vald60,Võru,2020,2 000, 10, 7, 28, 3, 1, 0, 0, 371,39 221 €,17 947,2 877,2 140,12 470, 300, 0,57 128 €
Vigala Maarja Kogudus,Märjamaa vald,vald31,Pärnu,2017, 500, 28, 3, 10, 0, 0, 0, 7, 203,28 072 €,3 230,3 538, 776,3 900,3 026, 0,30 834 €
Vigala Maarja Kogudus,Märjamaa vald,vald31,Pärnu,2018, 500, 26, 2, 18, 1, 0, 0, 4, 197,29 686 €,3 463,3 940, 992,2 900,3 637,1 122,30 326 €
Vigala Maarja Kogudus,Märjamaa vald,vald31,Pärnu,2019, 500, 29, 4, 19, 1, 0, 0, 3, 191,34 603 €,3 522,4 045,1 405,2 900,4 322,1 364,33 775 €
Vigala Maarja Kogudus,Märjamaa vald,vald31,Pärnu,2020, 300, 18, 5, 15, 0, 0, 0, 0, 187,35 996 €,3 136,4 040,1 306,16 895,6 105,-,32 440 €
Viimsi Püha Jaakobi Kogudus,Viimsi vald,vald42,Tallinna,2017, 765, 35, 18, 13, 6, 6, 10, 5, 158,111 338 €,18 743,7 093,1 860,4 400,4 086, 0,129 062 €
Viimsi Püha Jaakobi Kogudus,Viimsi vald,vald42,Tallinna,2018, 791, 29, 22, 8, 6, 6, 0, 0, 159,47 939 €,17 663,6 486,1 300,5 800,3 918, 0,53 108 €
Viimsi Püha Jaakobi Kogudus,Viimsi vald,vald42,Tallinna,2019, 824, 31, 19, 9, 8, 6, 0, 0, 168,39 092 €,19 167,6 741,3 604,2 000,4 007, 0,39 456 €
Viimsi Püha Jaakobi Kogudus,Viimsi vald,vald42,Tallinna,2020, 166, 19, 13, 14, 7, 7, 0, 0, 166,43 624 €,22 774,5 257,4 130,10 237,1 032, 0,40 641 €
Viljandi Jaani Kogudus,Viljandi linn,vald19,Viljandi,2017,1 859, 42, 17, 17, 6, 6, 8, 40, 312,128 684 €,24 641,10 283,6 088,15 400,17 200,11 945,115 268 €
Viljandi Jaani Kogudus,Viljandi linn,vald19,Viljandi,2018,1 877, 43, 15, 27, 8, 7, 12, 35, 257,144 821 €,26 002,9 884,8 160,19 116,17 505,12 794,131 720 €
Viljandi Jaani Kogudus,Viljandi linn,vald19,Viljandi,2019,1 884, 39, 11, 13, 1, 1, 13, 37, 286,178 798 €,27 314,14 518,3 550,20 000,20 638,10 185,163 959 €
Viljandi Jaani Kogudus,Viljandi linn,vald19,Viljandi,2020,1 898, 30, 22, 11, 2, 2, 10, 12, 279,169 173 €,28 549,8 567,2 870,39 779,16 037,10 631,164 114 €
Viljandi Pauluse Kogudus,Viljandi linn,vald19,Viljandi,2017, 884, 42, 27, 21, 3, 3, 0, 15, 279,139 427 €,15 385,7 593,4 625,14 500,31 931, 77,113 502 €
Viljandi Pauluse Kogudus,Viljandi linn,vald19,Viljandi,2018, 888, 40, 17, 35, 3, 5, 0, 10, 328,304 946 €,16 118,9 001,6 290,231 300,21 115,1 385,104 667 €
Viljandi Pauluse Kogudus,Viljandi linn,vald19,Viljandi,2019, 891, 36, 19, 40, 4, 3, 0, 4, 310,437 187 €,16 787,8 961,6 410,15 000,30 955,1 459,379 294 €
Viljandi Pauluse Kogudus,Viljandi linn,vald19,Viljandi,2020, 897, 28, 22, 38, 4, 4, 0, 2, 286,219 794 €,17 007,5 293,7 787,146 185,20 847, 350,268 410 €
Viru-Jaakobi Kogudus,Vinni vald,vald7,Viru,2017, 435, 20, 18, 4, 0, 0, 20, 0, 67,5 946 €,4 546, 95, 55, 0, 700, 550,6 054 €
Viru-Jaakobi Kogudus,Vinni vald,vald7,Viru,2018, 390, 16, 10, 7, 1, 0, 7, 0, 61,9 503 €,3 353, 75, 50, 700, 650,2 675,5 412 €
Viru-Jaakobi Kogudus,Vinni vald,vald7,Viru,2019, 300, 14, 13, 4, 1, 1, 0, 0, 58,9 847 €,3 870, 10, 25,2 472, 700,2 770,8 620 €
Viru-Jaakobi Kogudus,Vinni vald,vald7,Viru,2020, 200, 5, 3, 9, 0, 0, 0, 0, 55,-,-,-,-,-,-,-,-
Viru-Nigula Kogudus,Viru-Nigula vald,vald73,Viru,2017, 50, 10, 0, 2, 0, 0, 0, 0, 50,56 888 €,1 966,3 833, 305,1 320, 175, 0,63 806 €
Viru-Nigula Kogudus,Viru-Nigula vald,vald73,Viru,2018, 49, 7, 3, 7, 0, 0, 0, 0, 30,7 051 €,2 055,2 188, 860,1 120, 331, 255,4 764 €
Viru-Nigula Kogudus,Viru-Nigula vald,vald73,Viru,2019, 46, 6, 0, 7, 0, 0, 0, 0, 29,6 487 €, 987,2 200, 360,1 500,1 416, 0,4 898 €
Viru-Nigula Kogudus,Viru-Nigula vald,vald73,Viru,2020, 500, 12, 2, 3, 1, 0, 0, 0, 41,5 896 €,2 045,2 807, 280, 320, 175, 0,4 763 €
Võnnu Jakobi Kogudus,Kastre vald,vald62,Tartu,2017, 511, 22, 2, 26, 0, 0, 0, 4, 134,14 431 €,2 827,3 218, 205,4 150,2 038, 0,13 764 €
Võnnu Jakobi Kogudus,Kastre vald,vald62,Tartu,2018, 517, 22, 18, 16, 1, 1, 0, 0, 138,29 668 €,3 180,1 540, 896,5 500,2 799, 0,29 490 €
Võnnu Jakobi Kogudus,Kastre vald,vald62,Tartu,2019, 508, 20, 3, 15, 2, 1, 0, 0, 125,17 215 €,3 245,2 653, 450,5 000,3 629, 0,19 468 €
Võnnu Jakobi Kogudus,Kastre vald,vald62,Tartu,2020, 510, 6, 3, 12, 2, 2, 2, 0, 85,24 876 €,2 320, 889, 350,12 400,3 057, 0,20 851 €
Vormsi Püha Olavi Kogudus,Vormsi vald,vald51,Lääne,2017, 70, 16, 2, 3, 1, 0, 0, 10, 20,31 201 €,1 185,1 174, 500,1 060,11 806,15 289,32 311 €
Vormsi Püha Olavi Kogudus,Vormsi vald,vald51,Lääne,2018, 70, 18, 3, 1, 2, 0, 0, 10, 20,23 859 €,2 280,1 513, 800, 786,10 845,5 871,33 952 €
Vormsi Püha Olavi Kogudus,Vormsi vald,vald51,Lääne,2019, 70, 20, 2, 2, 0, 0, 0, 7, 20,33 238 €,3 185,1 302, 300, 981,17 359,8 721,24 423 €
Vormsi Püha Olavi Kogudus,Vormsi vald,vald51,Lääne,2020, 50, 10, 1, 5, 1, 0, 0, 4, 20,14 878 €,1 920,1 809, 450,1 736,5 103,3 860,24 906 €
Võru Katariina Kogudus,Võru linn,vald61,Võru,2017, 587, 28, 18, 5, 0, 0, 0, 0, 163,35 399 €,5 421,4 007, 100,24 750, 820, 0,36 426 €
Võru Katariina Kogudus,Võru linn,vald61,Võru,2018, 595, 25, 12, 6, 1, 0, 0, 17, 147,23 326 €,5 547,3 747, 25,9 901, 789, 750,23 854 €
Võru Katariina Kogudus,Võru linn,vald61,Võru,2019, 585, 26, 7, 9, 1, 0, 0, 14, 133,30 717 €,5 949,5 884, 75,15 312, 770, 952,29 752 €
Võru Katariina Kogudus,Võru linn,vald61,Võru,2020, 576, 23, 7, 2, 1, 0, 0, 5, 118,27 176 €,7 912,3 177, 135,9 097,1 930,4 110,21 795 €